id,name,breed,color,sex,age,weight,birthDate,bredDate,breedingDate,expectedDueDate,sire,dam,pedigree,status,notes,lambings,weights,breedings
sheep-1764818974160-145,36,,White,Ewe,5 years 10 months,165,2020-02-02,2025-08-02,2025-08-02,2025-12-27,sheep-1764818974164-357,,,active,,"[{""date"":""2025-04-06"",""count"":1,""children"":[""sheep-1764818974159-93""]},{""date"":""2025-03-21"",""count"":1,""children"":[""sheep-1764818974158-70""]},{""date"":""2024-08-02"",""count"":1,""children"":[""sheep-1764818974163-289""]},{""date"":""2023-10-22"",""count"":1,""children"":[""sheep-1764818974160-136""]},{""date"":""2022-12-28"",""count"":1,""children"":[""sheep-1764818974163-286""]},{""date"":""2022-01-04"",""count"":1,""children"":[""sheep-1764818974160-162""]}]","[{""date"":""2025-12-18"",""weight"":165}]","[{""date"":""2025-12-08"",""sire"":"""",""note"":""Recorded breeding""},{""date"":""2025-08-02"",""sire"":""sheep-1764818974164-357"",""note"":""Recorded breeding""}]"
sheep-1764818974157-29,83,,White Speckled Brown,Ewe,4 years 9 months,160,2021-03-04,2025-08-02,2025-08-02,2025-12-27,sheep-1764818974164-357,,,active,,"[{""date"":""2025-01-15"",""count"":2,""children"":[""sheep-1764818974162-235"",""sheep-1764818974162-238""]},{""date"":""2024-03-26"",""count"":2,""children"":[""sheep-1764818974160-128"",""sheep-1764818974159-114""]},{""date"":""2023-01-04"",""count"":1,""children"":[""sheep-1764818974158-89""]}]","[{""date"":""2025-12-18"",""weight"":160}]","[{""date"":""2025-12-08"",""sire"":"""",""note"":""Recorded breeding""},{""date"":""2025-08-02"",""sire"":""sheep-1764818974164-357"",""note"":""Recorded breeding""}]"
sheep-1764818974157-56,89,,White,Ewe,6 years 9 months,160,2019-02-27,2025-08-02,2025-08-02,2025-12-27,sheep-1764818974164-357,,,active,culled,"[{""date"":""2025-03-27"",""count"":1,""children"":[""sheep-1764818974157-59""]},{""date"":""2024-07-31"",""count"":1,""children"":[""sheep-1764818974161-215""]},{""date"":""2023-09-23"",""count"":2,""children"":[""sheep-1764818974162-251"",""sheep-1764818974162-254""]},{""date"":""2023-01-05"",""count"":1,""children"":[""sheep-1764818974160-129""]}]","[{""date"":""2025-12-18"",""weight"":160}]","[{""date"":""2025-12-08"",""sire"":"""",""note"":""Recorded breeding""},{""date"":""2025-08-02"",""sire"":""sheep-1764818974164-357"",""note"":""Recorded breeding""}]"
sheep-1764818974161-175,96,,White with Red Speckles,Ewe,3 years 9 months,140,2022-03-15,2025-08-02,2025-08-02,2025-12-27,sheep-1764818974164-357,,,active,,"[{""date"":""2025-01-16"",""count"":2,""children"":[""sheep-1764818974158-87"",""sheep-1764818974158-82""]},{""date"":""2024-03-23"",""count"":2,""children"":[""sheep-1764818974164-348"",""sheep-1764818974159-118""]}]","[{""date"":""2025-12-18"",""weight"":140}]","[{""date"":""2025-12-08"",""sire"":"""",""note"":""Recorded breeding""},{""date"":""2025-08-02"",""sire"":""sheep-1764818974164-357"",""note"":""Recorded breeding""}]"
sheep-1764818974161-221,102,,Med Brown,Ewe,3 years 9 months,160,2022-03-15,2025-08-02,2025-08-02,2025-12-27,sheep-1764818974164-357,,,active,,"[{""date"":""2025-01-12"",""count"":1,""children"":[""sheep-1764818974162-258""]},{""date"":""2024-04-08"",""count"":1,""children"":[""sheep-1764818974161-212""]}]","[{""date"":""2025-12-18"",""weight"":160}]","[{""date"":""2025-12-08"",""sire"":"""",""note"":""Recorded breeding""},{""date"":""2025-08-02"",""sire"":""sheep-1764818974164-357"",""note"":""Recorded breeding""}]"
sheep-1764818974164-335,108,,White with Brown Speckles,Ewe,2 years,130,2023-12-23,2025-08-02,2025-08-02,2025-12-27,sheep-1764818974164-357,,,active,infected ear tag 200l,"[{""date"":""2025-03-14"",""count"":1,""children"":[""sheep-1764818974157-48""]}]","[{""date"":""2025-12-18"",""weight"":130}]","[{""date"":""2025-08-02"",""sire"":""sheep-1764818974164-357"",""note"":""Recorded breeding""}]"
sheep-1764818974158-84,111,,Red,Ewe,5 years 10 months,140,2020-02-02,2025-08-02,2025-08-02,2025-12-27,sheep-1764818974164-357,,,active,,"[{""date"":""2025-04-03"",""count"":1,""children"":[""sheep-1764818974157-57""]},{""date"":""2025-01-06"",""count"":2,""children"":[""sheep-1764818974160-147"",""sheep-1764818974161-179""]},{""date"":""2024-08-08"",""count"":3,""children"":[""sheep-1764818974157-38"",""sheep-1764818974158-80"",""sheep-1764818974163-294""]},{""date"":""2024-01-05"",""count"":1,""children"":[""sheep-1764818974158-79""]}]","[{""date"":""2025-12-18"",""weight"":140}]","[{""date"":""2025-12-08"",""sire"":"""",""note"":""Recorded breeding""},{""date"":""2025-08-02"",""sire"":""sheep-1764818974164-357"",""note"":""Recorded breeding""}]"
sheep-1764818974160-168,113,,Light Brown,Ewe,8 months,80,2025-04-09,,,,,,,active,,"[{""date"":""2025-03-25"",""count"":2,""children"":[""sheep-1764818974157-45"",""sheep-1764818974157-44""]},{""date"":""2024-08-06"",""count"":1,""children"":[""sheep-1764818974162-268""]}]","[{""date"":""2025-12-18"",""weight"":80}]",
sheep-1764818974162-261,115,,White,Ewe,3 years 10 months,170,2022-02-09,,,,,,,active,,,"[{""date"":""2025-12-18"",""weight"":170}]",
sheep-1764818974164-331,118,,White,Ewe,10 months,100,2025-01-29,2025-08-02,2025-08-02,2025-12-27,sheep-1764818974164-357,Tagless,,active,,"[{""date"":""2025-09-03"",""count"":2,""children"":[""sheep-1764821185007-11"",""sheep-1764821185007-10""]},{""date"":""2025-01-08"",""count"":2,""children"":[""sheep-1764818974164-327"",""sheep-1764818974160-170""]}]","[{""date"":""2025-12-18"",""weight"":100}]","[{""date"":""2025-12-08"",""sire"":"""",""note"":""Recorded breeding""},{""date"":""2025-08-02"",""sire"":""sheep-1764818974164-357"",""note"":""Recorded breeding""}]"
sheep-1764821185006-2,119,,Red,Ewe,8 months,90,2025-04-06,2025-08-02,2025-08-02,2025-12-27,sheep-1764818974164-357,60L,,active,,,"[{""date"":""2025-12-18"",""weight"":90}]","[{""date"":""2025-12-08"",""sire"":"""",""note"":""Recorded breeding""},{""date"":""2025-08-02"",""sire"":""sheep-1764818974164-357"",""note"":""Recorded breeding""}]"
sheep-1764818974163-302,121,Katadin,White,Ewe,2 years 8 months,140,2023-04-05,,,,,,,active,,"[{""date"":""2025-09-04"",""count"":1,""children"":[""sheep-1764821185007-6""]},{""date"":""2025-01-18"",""count"":1,""children"":[""sheep-1764818974161-218""]}]","[{""date"":""2025-12-18"",""weight"":140}]",
sheep-1764818974159-95,122,,White,Ewe,3 years 11 months,160,2022-01-04,2025-08-02,2025-08-02,2025-12-27,sheep-1764818974164-357,36,,active,,"[{""date"":""2025-01-06"",""count"":2,""children"":[""sheep-1764818974161-184"",""sheep-1764818974161-180""]},{""date"":""2023-12-23"",""count"":3,""children"":[""sheep-1764818974159-95"",""sheep-1764818974159-94"",""sheep-1764818974160-165""]},{""date"":""2023-12-21"",""count"":1,""children"":[""sheep-1764818974164-318""]},{""date"":""2023-03-09"",""count"":3,""children"":[""sheep-1764818974157-34"",""sheep-1764818974161-196"",""sheep-1764818974161-200""]}]","[{""date"":""2025-12-18"",""weight"":160}]","[{""date"":""2025-12-08"",""sire"":"""",""note"":""Recorded breeding""},{""date"":""2025-08-02"",""sire"":""sheep-1764818974164-357"",""note"":""Recorded breeding""}]"
sheep-1766092228240,123,,White with Red Speckles,Ewe,4 years 10 months,150,2021-02-10,2025-08-02,2025-08-02,2025-12-27,sheep-1764818974164-357,,,active,,"[{""date"":""2025-01-13"",""count"":3,""children"":[""sheep-1764818974161-202"",""sheep-1764818974161-219"",""sheep-1764818974161-208""]},{""date"":""2024-03-22"",""count"":1,""children"":[""sheep-1764818974159-92""]},{""date"":""2023-03-30"",""count"":3,""children"":[""sheep-1764818974162-239"",""sheep-1764818974162-243"",""sheep-1764818974162-237""]}]","[{""date"":""2025-12-18"",""weight"":150}]","[{""date"":""2025-12-08"",""sire"":"""",""note"":""Recorded breeding""},{""date"":""2025-08-02"",""sire"":""sheep-1764818974164-357"",""note"":""Recorded breeding""}]"
sheep-1764818974158-90,124,,White,Ewe,1 year 11 months,80,2024-01-09,,,,,,,active,,,"[{""date"":""2025-12-18"",""weight"":80}]",
sheep-1766087035390,124,,White,Ewe,1 year 11 months,80,2024-01-09,,,,,,,active,,,"[{""date"":""2025-12-18"",""weight"":80}]",
sheep-1764818974164-352,125,,White with Brown Speckles,Ewe,1 year 11 months,85,2024-01-03,,,,,,,active,,,"[{""date"":""2025-12-18"",""weight"":85}]",
sheep-1766088704765,130,,Red,Ewe,2 years 10 months,120,2023-01-24,,,,,,,active,,,"[{""date"":""2025-12-18"",""weight"":120}]",
sheep-1764818974159-109,130,,Red,Ewe,1 year 4 months,125,2024-08-08,2025-08-02,2025-08-02,2025-12-27,sheep-1764818974164-357,111,,active,,,"[{""date"":""2025-12-18"",""weight"":125}]","[{""date"":""2025-12-08"",""sire"":"""",""note"":""Recorded breeding""},{""date"":""2025-08-02"",""sire"":""sheep-1764818974164-357"",""note"":""Recorded breeding""}]"
sheep-1764818974159-105,181,,Brown and White,Ewe,8 months,90,2025-03-25,2025-08-02,2025-08-02,2025-12-27,sheep-1764818974164-357,972J,,active,,,"[{""date"":""2025-12-18"",""weight"":90}]","[{""date"":""2025-12-08"",""sire"":"""",""note"":""Recorded breeding""},{""date"":""2025-08-02"",""sire"":""sheep-1764818974164-357"",""note"":""Recorded breeding""}]"
sheep-1764818974162-246,183,,White,Ewe,8 months,80,2025-03-25,2025-08-02,2025-08-02,2025-12-27,sheep-1764818974164-357,112,,active,,,"[{""date"":""2025-12-18"",""weight"":80}]","[{""date"":""2025-12-08"",""sire"":"""",""note"":""Recorded breeding""},{""date"":""2025-08-02"",""sire"":""sheep-1764818974164-357"",""note"":""Recorded breeding""}]"
sheep-1764818974162-250,187,,Brown and White,Ewe,8 months,85,2025-03-25,2025-08-02,2025-08-02,2025-12-27,sheep-1764818974164-357,113,,active,,,"[{""date"":""2025-12-18"",""weight"":85}]","[{""date"":""2025-12-08"",""sire"":"""",""note"":""Recorded breeding""},{""date"":""2025-08-02"",""sire"":""sheep-1764818974164-357"",""note"":""Recorded breeding""}]"
sheep-1764818974162-232,190,,White with Brown Speckles,Ewe,9 months,100,2025-03-14,2025-08-02,2025-08-02,2025-12-27,sheep-1764818974164-357,200L,,active,,,"[{""date"":""2025-12-18"",""weight"":100}]","[{""date"":""2025-12-08"",""sire"":"""",""note"":""Recorded breeding""},{""date"":""2025-08-02"",""sire"":""sheep-1764818974164-357"",""note"":""Recorded breeding""}]"
sheep-1764818974157-41,192,,White,Ewe,8 months,75,2025-03-28,2025-08-02,2025-08-02,2025-12-27,sheep-1764818974164-357,28L,,active,,,"[{""date"":""2025-12-18"",""weight"":75}]","[{""date"":""2025-12-08"",""sire"":"""",""note"":""Recorded breeding""},{""date"":""2025-08-02"",""sire"":""sheep-1764818974164-357"",""note"":""Recorded breeding""}]"
sheep-1764818974160-154,193,,White,Ewe,8 months,100,2025-04-02,2025-08-02,2025-08-02,2025-12-27,sheep-1764818974164-357,26L,,active,,,"[{""date"":""2025-12-18"",""weight"":100}]","[{""date"":""2025-12-08"",""sire"":"""",""note"":""Recorded breeding""},{""date"":""2025-08-02"",""sire"":""sheep-1764818974164-357"",""note"":""Recorded breeding""}]"
sheep-1764818974157-57,194,,White with Tricolour Speckles,Ewe,8 months,80,2025-04-03,2025-08-02,2025-08-02,2025-12-27,sheep-1764818974164-357,1 L Pink,,active,,,"[{""date"":""2025-12-18"",""weight"":80}]","[{""date"":""2025-12-08"",""sire"":"""",""note"":""Recorded breeding""},{""date"":""2025-08-02"",""sire"":""sheep-1764818974164-357"",""note"":""Recorded breeding""}]"
sheep-1764818974161-182,195,,White with Brown Speckles,Ewe,8 months,75,2025-04-05,2025-08-02,2025-08-02,2025-12-27,sheep-1764818974164-357,135L,,active,,,"[{""date"":""2025-12-18"",""weight"":75}]","[{""date"":""2025-12-08"",""sire"":"""",""note"":""Recorded breeding""},{""date"":""2025-08-02"",""sire"":""sheep-1764818974164-357"",""note"":""Recorded breeding""}]"
sheep-1766092277142,197,,White,Ewe,8 months,90,2025-04-04,2025-08-02,2025-08-02,2025-12-27,sheep-1764818974164-357,800 Parsnip,,active,,,"[{""date"":""2025-12-18"",""weight"":90}]","[{""date"":""2025-08-02"",""sire"":""sheep-1764818974164-357"",""note"":""Recorded breeding""}]"
sheep-1764818974162-267,198,,Tan,Ewe,8 months,70,2025-04-03,2025-08-02,2025-08-02,2025-12-27,sheep-1764818974164-357,111,,active,,,"[{""date"":""2025-12-18"",""weight"":70}]","[{""date"":""2025-12-08"",""sire"":"""",""note"":""Recorded breeding""},{""date"":""2025-08-02"",""sire"":""sheep-1764818974164-357"",""note"":""Recorded breeding""}]"
sheep-1764818974161-183,02 Shorty,,White,Ewe,6 years 9 months,105,2019-03-05,2025-07-23,2025-07-23,2025-12-17,sheep-1764818974164-357,Maple Lamb,,active,,"[{""date"":""2024-12-22"",""count"":2,""children"":[""sheep-1764818974164-311"",""sheep-1764818974160-131""]},{""date"":""2023-09-22"",""count"":2,""children"":[""sheep-1764818974163-292"",""sheep-1764818974163-285""]},{""date"":""2023-01-06"",""count"":2,""children"":[""sheep-1764818974160-121"",""sheep-1764818974159-117""]}]","[{""date"":""2025-12-18"",""weight"":105}]","[{""date"":""2025-12-08"",""sire"":"""",""note"":""Recorded breeding""},{""date"":""2025-08-02"",""sire"":""sheep-1764818974164-357"",""note"":""Recorded breeding""},{""date"":""2025-07-23"",""sire"":""sheep-1764818974164-357"",""note"":""Recorded breeding""}]"
sheep-1764818974158-82,102L,,White with Brown Speckles,Ewe,4 years 10 months,180,2021-02-02,2025-08-02,2025-08-02,2025-12-27,sheep-1764818974164-357,,,active,was 50sq,"[{""date"":""2025-01-18"",""count"":2,""children"":[""sheep-1764818974161-199"",""sheep-1764818974161-203""]},{""date"":""2023-09-18"",""count"":1,""children"":[""sheep-1764818974162-247""]}]","[{""date"":""2025-12-18"",""weight"":180}]","[{""date"":""2025-12-08"",""sire"":"""",""note"":""Recorded breeding""},{""date"":""2025-08-02"",""sire"":""sheep-1764818974164-357"",""note"":""Recorded breeding""}]"
sheep-1764818974160-144,107L,,White with Brown Speckles,Ewe,2 years 10 months,115,2023-01-24,,,,,,,active,,,"[{""date"":""2025-12-18"",""weight"":115}]",
sheep-1764818974156-26,109 L,,White,Ewe,2 years 10 months,120,2023-02-05,,,,,,,active,,,"[{""date"":""2025-12-18"",""weight"":120}]",
sheep-1764818974161-190,110L Speckles,,White with Brown Speckles,Ewe,2 years 10 months,140,2023-02-08,,,,,,,active,,,"[{""date"":""2025-12-18"",""weight"":140}]",
sheep-1764818974156-24,113 L,,Red,Ewe,6 years 9 months,165,2019-03-04,2025-08-02,2025-08-02,2025-12-27,sheep-1764818974164-357,,,active,,"[{""date"":""2025-03-25"",""count"":2,""children"":[""sheep-1764818974157-45"",""sheep-1764818974157-44""]},{""date"":""2024-08-06"",""count"":1,""children"":[""sheep-1764818974162-268""]}]","[{""date"":""2025-12-18"",""weight"":165}]","[{""date"":""2025-12-08"",""sire"":"""",""note"":""Recorded breeding""},{""date"":""2025-08-02"",""sire"":""sheep-1764818974164-357"",""note"":""Recorded breeding""}]"
sheep-1764818974161-209,114 Blue,,Chocolate Brown,Ewe,11 months,90,2025-01-16,2025-08-02,2025-08-02,2025-12-27,sheep-1764818974164-357,96,,active,,,"[{""date"":""2025-12-18"",""weight"":90}]","[{""date"":""2025-12-08"",""sire"":"""",""note"":""Recorded breeding""},{""date"":""2025-08-02"",""sire"":""sheep-1764818974164-357"",""note"":""Recorded breeding""}]"
sheep-1764818974160-146,115 Blue,,Med Brown,Ewe,11 months,90,2025-01-16,2025-08-02,2025-08-02,2025-12-27,sheep-1764818974164-357,79,,active,,,"[{""date"":""2025-12-18"",""weight"":90}]","[{""date"":""2025-12-08"",""sire"":"""",""note"":""Recorded breeding""},{""date"":""2025-08-02"",""sire"":""sheep-1764818974164-357"",""note"":""Recorded breeding""}]"
sheep-1764818974161-194,117 / 27L,,White,Ewe,2 years 10 months,120,2023-01-31,,,,,,,active,,,"[{""date"":""2025-12-18"",""weight"":120}]",
sheep-1764818974159-115,117 blue,,White,Ewe,10 months,120,2025-02-13,2025-08-02,2025-08-02,2025-12-27,sheep-1764818974164-357,128L,,active,,,"[{""date"":""2025-12-18"",""weight"":120}]","[{""date"":""2025-12-08"",""sire"":"""",""note"":""Recorded breeding""},{""date"":""2025-08-02"",""sire"":""sheep-1764818974164-357"",""note"":""Recorded breeding""}]"
sheep-1764818974162-276,118 sq,,Med Brown,Ewe,2 years,100,2023-12-22,2025-08-02,2025-08-02,2025-12-27,sheep-1764818974164-357,24K (Pickles),,active,,"[{""date"":""2025-01-08"",""count"":2,""children"":[""sheep-1764818974164-327"",""sheep-1764818974160-170""]}]","[{""date"":""2025-12-18"",""weight"":100}]","[{""date"":""2025-12-08"",""sire"":"""",""note"":""Recorded breeding""},{""date"":""2025-08-02"",""sire"":""sheep-1764818974164-357"",""note"":""Recorded breeding""}]"
sheep-1764818974162-238,119 Blue,,Dark Brown,Ewe,8 months,85,2025-04-07,,,,,,,active,,,"[{""date"":""2025-12-18"",""weight"":85}]",
sheep-1764818974160-153,12 pink,,Red,Ewe,1 year 4 months,105,2024-08-08,2025-08-02,2025-08-02,2025-12-27,sheep-1764818974164-357,24,,active,,,"[{""date"":""2025-12-18"",""weight"":105}]","[{""date"":""2025-12-08"",""sire"":"""",""note"":""Recorded breeding""},{""date"":""2025-08-02"",""sire"":""sheep-1764818974164-357"",""note"":""Recorded breeding""}]"
sheep-1764818974164-310,120 L,,Red,Ewe,8 months,80,2025-04-06,2025-08-02,2025-08-02,2025-12-27,sheep-1764818974164-357,136L,,active,,,"[{""date"":""2025-12-18"",""weight"":80}]","[{""date"":""2025-12-08"",""sire"":"""",""note"":""Recorded breeding""},{""date"":""2025-08-02"",""sire"":""sheep-1764818974164-357"",""note"":""Recorded breeding""}]"
sheep-1764818974158-85,121L,,White with Brown Speckles,Ewe,2 years,110,2023-12-23,2025-08-02,2025-08-02,2025-12-27,sheep-1764818974164-357,51K,,active,,"[{""date"":""2025-01-18"",""count"":1,""children"":[""sheep-1764818974161-218""]}]","[{""date"":""2025-12-18"",""weight"":110}]","[{""date"":""2025-12-08"",""sire"":"""",""note"":""Recorded breeding""},{""date"":""2025-08-02"",""sire"":""sheep-1764818974164-357"",""note"":""Recorded breeding""}]"
sheep-1764818974160-122,13 pink,,White with Brown Speckles,Ewe,1 year 4 months,120,2024-08-08,2025-08-02,2025-08-02,2025-12-27,sheep-1764818974164-357,24,,active,,,"[{""date"":""2025-12-18"",""weight"":120}]","[{""date"":""2025-12-08"",""sire"":"""",""note"":""Recorded breeding""},{""date"":""2025-08-02"",""sire"":""sheep-1764818974164-357"",""note"":""Recorded breeding""}]"
sheep-1764818974159-112,134L,,Red and White,Ewe,1 year 9 months,120,2024-03-19,2025-08-02,2025-08-02,2025-12-27,sheep-1764818974164-357,42,,active,,"[{""date"":""2025-04-03"",""count"":1,""children"":[""sheep-1764818974157-61""]}]","[{""date"":""2025-12-18"",""weight"":120}]","[{""date"":""2025-12-08"",""sire"":"""",""note"":""Recorded breeding""},{""date"":""2025-08-02"",""sire"":""sheep-1764818974164-357"",""note"":""Recorded breeding""}]"
sheep-1764818974157-32,135L,,Red,Ewe,1 year 9 months,105,2024-03-22,2025-08-02,2025-08-02,2025-12-27,sheep-1764818974164-357,99,,active,,"[{""date"":""2025-04-05"",""count"":2,""children"":[""sheep-1764818974157-55"",""sheep-1764818974157-53""]}]","[{""date"":""2025-12-18"",""weight"":105}]","[{""date"":""2025-12-08"",""sire"":"""",""note"":""Recorded breeding""},{""date"":""2025-08-02"",""sire"":""sheep-1764818974164-357"",""note"":""Recorded breeding""}]"
sheep-1766087281692,140 Blue,,White,Ewe,1 year 8 months,110,2024-04-04,2025-08-02,2025-08-02,2025-12-27,sheep-1764818974164-357,31L ewe,,active,,,"[{""date"":""2025-12-18"",""weight"":110}]","[{""date"":""2025-12-08"",""sire"":"""",""note"":""Recorded breeding""},{""date"":""2025-08-02"",""sire"":""sheep-1764818974164-357"",""note"":""Recorded breeding""}]"
sheep-1764818974162-242,15 pink,,Light Brown,Ewe,1 year 3 months,105,2024-09-11,2025-08-02,2025-08-02,2025-12-27,sheep-1764818974164-357,972J,,active,,,"[{""date"":""2025-12-18"",""weight"":105}]","[{""date"":""2025-12-08"",""sire"":"""",""note"":""Recorded breeding""},{""date"":""2025-08-02"",""sire"":""sheep-1764818974164-357"",""note"":""Recorded breeding""}]"
sheep-1764818974163-305,17 Pink,,White,Ewe,1 year,115,2024-12-22,2025-08-02,2025-08-02,2025-12-27,sheep-1764818974164-357,02 Shorty,,active,,,"[{""date"":""2025-12-18"",""weight"":115}]","[{""date"":""2025-12-08"",""sire"":"""",""note"":""Recorded breeding""},{""date"":""2025-08-02"",""sire"":""sheep-1764818974164-357"",""note"":""Recorded breeding""}]"
sheep-1764818974163-285,185L,,Chocolate Brown,Ewe,1 year 8 months,70,2024-04-10,,,,,,,active,,,"[{""date"":""2025-12-18"",""weight"":70}]",
sheep-1764818974164-345,19 pink,,White with Red Spots,Ewe,8 months,80,2025-04-09,,,,,,,active,,,"[{""date"":""2025-12-18"",""weight"":80}]",
sheep-1764818974156-25,190 Spots,,,Ram,2 years,220,2023-12-13,,,,Passion,93,,active,,,"[{""date"":""2025-04-04"",""weight"":220},{""date"":""2025-12-18"",""weight"":220}]",
sheep-1764818974161-197,199L,,Light Brown,Ewe,8 months,80,2025-04-03,,,,,,,active,,,"[{""date"":""2025-12-18"",""weight"":80}]",
sheep-1764818974158-79,20 Pink,,Med Brown,Ewe,11 months,99,2025-01-06,2025-08-02,2025-08-02,2025-12-27,sheep-1764818974164-357,116,,active,,,"[{""date"":""2025-12-18"",""weight"":99}]","[{""date"":""2025-12-08"",""sire"":"""",""note"":""Recorded breeding""},{""date"":""2025-08-02"",""sire"":""sheep-1764818974164-357"",""note"":""Recorded breeding""}]"
sheep-1764818974161-222,21 pink,,Light Brown,Ewe,11 months,110,2025-01-08,2025-08-02,2025-08-02,2025-12-27,sheep-1764818974164-357,118,,active,,,"[{""date"":""2025-12-18"",""weight"":110}]","[{""date"":""2025-12-08"",""sire"":"""",""note"":""Recorded breeding""},{""date"":""2025-08-02"",""sire"":""sheep-1764818974164-357"",""note"":""Recorded breeding""}]"
sheep-1764818974161-201,22 pink,,Red,Ewe,11 months,90,2025-01-05,2025-08-02,2025-08-02,2025-12-27,sheep-1764818974164-357,79k,,active,,,"[{""date"":""2025-12-18"",""weight"":90}]","[{""date"":""2025-08-02"",""sire"":""sheep-1764818974164-357"",""note"":""Recorded breeding""}]"
sheep-1764818974159-106,23 pink,,White with Red Speckles,Ewe,11 months,105,2025-01-06,2025-08-02,2025-08-02,2025-12-27,sheep-1764818974164-357,111 sq,,active,,,"[{""date"":""2025-12-18"",""weight"":105}]","[{""date"":""2025-12-08"",""sire"":"""",""note"":""Recorded breeding""},{""date"":""2025-08-02"",""sire"":""sheep-1764818974164-357"",""note"":""Recorded breeding""}]"
sheep-1764818974157-27,24 pink,,White with Brown Speckles,Ewe,11 months,100,2025-01-06,2025-08-02,2025-08-02,2025-12-27,sheep-1764818974164-357,1K,,active,,,"[{""date"":""2025-12-18"",""weight"":100}]","[{""date"":""2025-12-08"",""sire"":"""",""note"":""Recorded breeding""},{""date"":""2025-08-02"",""sire"":""sheep-1764818974164-357"",""note"":""Recorded breeding""}]"
sheep-1764818974161-184,24K (Pickles),,Black,Ewe,3 years 10 months,130,2022-02-03,2025-08-02,2025-08-02,2025-12-27,sheep-1764818974164-357,35 Potato,,active,,"[{""date"":""2025-01-17"",""count"":3,""children"":[""sheep-1764818974161-209"",""sheep-1764818974161-222"",""sheep-1764818974161-226""]},{""date"":""2023-12-22"",""count"":2,""children"":[""sheep-1764818974164-321"",""sheep-1764818974157-35""]},{""date"":""2023-03-24"",""count"":1,""children"":[""sheep-1764818974162-267""]}]","[{""date"":""2025-12-18"",""weight"":130}]","[{""date"":""2025-12-08"",""sire"":"""",""note"":""Recorded breeding""},{""date"":""2025-08-02"",""sire"":""sheep-1764818974164-357"",""note"":""Recorded breeding""}]"
sheep-1764818974161-195,25 pink,,Light Brown,Ewe,11 months,95,2025-01-07,2025-08-02,2025-08-02,2025-12-27,sheep-1764818974164-357,25K Plum,,active,,,"[{""date"":""2025-12-18"",""weight"":95}]","[{""date"":""2025-12-08"",""sire"":"""",""note"":""Recorded breeding""},{""date"":""2025-08-02"",""sire"":""sheep-1764818974164-357"",""note"":""Recorded breeding""}]"
sheep-1764818974164-355,25K Plum,,Med Brown,Ewe,3 years 10 months,110,2022-02-03,2025-08-02,2025-08-02,2025-12-27,sheep-1764818974164-357,35 Potato,,active,No shed,"[{""date"":""2025-01-07"",""count"":2,""children"":[""sheep-1764818974161-185"",""sheep-1764818974161-189""]},{""date"":""2023-12-30"",""count"":2,""children"":[""sheep-1764818974163-288"",""sheep-1764818974164-324""]},{""date"":""2023-03-24"",""count"":1,""children"":[""sheep-1764818974162-264""]}]","[{""date"":""2025-12-18"",""weight"":110}]","[{""date"":""2025-12-08"",""sire"":"""",""note"":""Recorded breeding""},{""date"":""2025-08-02"",""sire"":""sheep-1764818974164-357"",""note"":""Recorded breeding""}]"
sheep-1764818974160-163,26L,,White,Ewe,2 years 11 months,110,2023-01-09,,,,,,,active,,"[{""date"":""2025-04-02"",""count"":1,""children"":[""sheep-1764818974157-51""]}]","[{""date"":""2025-12-18"",""weight"":110}]",
sheep-1764818974161-205,27 pink,,Med Brown,Ewe,11 months,100,2025-01-15,2025-08-02,2025-08-02,2025-12-27,sheep-1764818974164-357,22L ewe (black),,active,,,"[{""date"":""2025-12-18"",""weight"":100}]","[{""date"":""2025-12-08"",""sire"":"""",""note"":""Recorded breeding""},{""date"":""2025-08-02"",""sire"":""sheep-1764818974164-357"",""note"":""Recorded breeding""}]"
sheep-1764818974164-341,28 L,,White with Tricolour Speckles,Ewe,2 years 10 months,120,2023-01-24,,,,,,,active,,,"[{""date"":""2025-12-18"",""weight"":120}]",
sheep-1766090384864,28 pink,,Red,Ewe,11 months,90,2025-01-13,2025-08-02,2025-08-02,2025-12-27,sheep-1764818974164-357,5132J,,active,,,"[{""date"":""2025-12-18"",""weight"":90}]","[{""date"":""2025-12-08"",""sire"":"""",""note"":""Recorded breeding""},{""date"":""2025-08-02"",""sire"":""sheep-1764818974164-357"",""note"":""Recorded breeding""}]"
sheep-1764818974164-311,29 pink,,White with Red Speckles,Ewe,11 months,90,2025-01-13,2025-08-02,2025-08-02,2025-12-27,sheep-1764818974164-357,5132J,,active,,,"[{""date"":""2025-12-18"",""weight"":90}]","[{""date"":""2025-12-08"",""sire"":"""",""note"":""Recorded breeding""},{""date"":""2025-08-02"",""sire"":""sheep-1764818974164-357"",""note"":""Recorded breeding""}]"
sheep-1764818974156-5,3 pink,,White,Ewe,1 year 4 months,120,2024-07-31,2025-08-02,2025-08-02,2025-12-27,sheep-1764818974164-357,89,,active,No Shed,,"[{""date"":""2025-12-18"",""weight"":120}]","[{""date"":""2025-12-08"",""sire"":"""",""note"":""Recorded breeding""},{""date"":""2025-08-02"",""sire"":""sheep-1764818974164-357"",""note"":""Recorded breeding""}]"
sheep-1764818974164-349,30 pink,,White with Brown Speckles,Ewe,11 months,80,2025-01-18,2025-08-02,2025-08-02,2025-12-27,sheep-1764818974164-357,121L,,active,,,"[{""date"":""2025-12-18"",""weight"":80}]","[{""date"":""2025-12-08"",""sire"":"""",""note"":""Recorded breeding""},{""date"":""2025-08-02"",""sire"":""sheep-1764818974164-357"",""note"":""Recorded breeding""}]"
sheep-1764818974163-290,31 pink,,Red,Ewe,11 months,85,2025-01-17,2025-08-02,2025-08-02,2025-12-27,sheep-1764818974164-357,24K (Pickles),,active,,,"[{""date"":""2025-12-18"",""weight"":85}]","[{""date"":""2025-12-08"",""sire"":"""",""note"":""Recorded breeding""},{""date"":""2025-08-02"",""sire"":""sheep-1764818974164-357"",""note"":""Recorded breeding""}]"
sheep-1764818974159-101,32 pink,,Med Brown,Ewe,11 months,100,2025-01-17,2025-08-02,2025-08-02,2025-12-27,sheep-1764818974164-357,24K (Pickles),,active,,,"[{""date"":""2025-12-18"",""weight"":100}]","[{""date"":""2025-12-08"",""sire"":"""",""note"":""Recorded breeding""},{""date"":""2025-08-02"",""sire"":""sheep-1764818974164-357"",""note"":""Recorded breeding""}]"
sheep-1766091947981,35 pink,,Chocolate Brown,Ewe,8 months,85,2025-03-31,,,,,,,active,,,"[{""date"":""2025-12-18"",""weight"":85}]",
sheep-1764818974159-94,36 Pink,,White,Ewe,11 months,100,2025-01-16,2025-08-02,2025-08-02,2025-12-27,sheep-1764818974164-357,46,,active,,,"[{""date"":""2025-12-18"",""weight"":100}]","[{""date"":""2025-12-08"",""sire"":"""",""note"":""Recorded breeding""},{""date"":""2025-08-02"",""sire"":""sheep-1764818974164-357"",""note"":""Recorded breeding""}]"
sheep-1764818974160-169,37 pink,,White and Brown,Ewe,11 months,100,2025-01-15,2025-08-02,2025-08-02,2025-12-27,sheep-1764818974164-357,31L ewe,,active,,,"[{""date"":""2025-12-18"",""weight"":100}]","[{""date"":""2025-12-08"",""sire"":"""",""note"":""Recorded breeding""},{""date"":""2025-08-02"",""sire"":""sheep-1764818974164-357"",""note"":""Recorded breeding""}]"
sheep-1766087036902,38 Pink,,White with Brown Speckles,Ewe,11 months,110,2025-01-14,2025-08-02,2025-08-02,2025-12-27,sheep-1764818974164-357,Floppy ear,,active,,,"[{""date"":""2025-12-18"",""weight"":110}]","[{""date"":""2025-12-08"",""sire"":"""",""note"":""Recorded breeding""},{""date"":""2025-08-02"",""sire"":""sheep-1764818974164-357"",""note"":""Recorded breeding""}]"
sheep-1764818974158-68,4 pink,,White with Tricolour Speckles,Ewe,1 year 4 months,130,2024-07-31,2025-08-02,2025-08-02,2025-12-27,sheep-1764818974164-357,120,,active,No shed,,"[{""date"":""2025-12-18"",""weight"":130}]","[{""date"":""2025-12-08"",""sire"":"""",""note"":""Recorded breeding""},{""date"":""2025-08-02"",""sire"":""sheep-1764818974164-357"",""note"":""Recorded breeding""}]"
sheep-1764818974163-286,40L,,White with Tricolour Speckles,Ewe,2 years 10 months,155,2023-02-09,,,,,,,active,,"[{""date"":""2025-01-15"",""count"":2,""children"":[""sheep-1764818974161-190"",""sheep-1764818974161-194""]}]","[{""date"":""2025-12-18"",""weight"":155}]",
sheep-1764818974159-93,41 (91J),,White with Brown Speckles,Ewe,4 years 10 months,145,2021-02-01,2025-08-02,2025-08-02,2025-12-27,sheep-1764818974164-357,,,active,limp lt front,"[{""date"":""2025-01-18"",""count"":3,""children"":[""sheep-1764818974162-231"",""sheep-1764818974161-227"",""sheep-1764818974162-234""]},{""date"":""2023-12-23"",""count"":2,""children"":[""sheep-1764818974160-156"",""sheep-1764818974160-157""]}]","[{""date"":""2025-12-18"",""weight"":145}]","[{""date"":""2025-12-08"",""sire"":"""",""note"":""Recorded breeding""},{""date"":""2025-08-02"",""sire"":""sheep-1764818974164-357"",""note"":""Recorded breeding""}]"
sheep-1764818974162-239,47L Annie,,White with Brown Speckles,Ewe,2 years 2 months,125,2023-10-03,2025-08-02,2025-08-02,2025-12-27,sheep-1764818974164-357,72K,,active,,"[{""date"":""2025-03-24"",""count"":2,""children"":[""sheep-1764818974158-64"",""sheep-1764818974158-72""]}]","[{""date"":""2025-12-18"",""weight"":125}]","[{""date"":""2025-08-02"",""sire"":""sheep-1764818974164-357"",""note"":""Recorded breeding""}]"
sheep-1764818974160-128,5 pink,,White,Ewe,1 year 4 months,110,2024-08-02,2025-08-02,2025-08-02,2025-12-27,sheep-1764818974164-357,36,,active,,,"[{""date"":""2025-12-18"",""weight"":110}]","[{""date"":""2025-12-08"",""sire"":"""",""note"":""Recorded breeding""},{""date"":""2025-08-02"",""sire"":""sheep-1764818974164-357"",""note"":""Recorded breeding""}]"
sheep-1766247064073,54 l ewe,,Light Brown,Ewe,2 years,105,2023-12-14,2025-08-02,2025-08-02,2025-12-27,sheep-1764818974164-357,,,active,,"[{""date"":""2025-01-17"",""count"":1,""children"":[""sheep-1764818974162-253""]}]","[{""date"":""2025-12-18"",""weight"":105}]","[{""date"":""2025-12-08"",""sire"":"""",""note"":""Recorded breeding""},{""date"":""2025-08-02"",""sire"":""sheep-1764818974164-357"",""note"":""Recorded breeding""}]"
sheep-1766087284112,57L Berry,,Med Brown,Ewe,2 years,135,2023-12-14,2025-08-02,2025-08-02,2025-12-27,sheep-1764818974164-357,21A Peanut,,active,,"[{""date"":""2025-03-15"",""count"":1,""children"":[""sheep-1764818974158-71""]}]","[{""date"":""2025-12-18"",""weight"":135}]","[{""date"":""2025-12-08"",""sire"":"""",""note"":""Recorded breeding""},{""date"":""2025-08-02"",""sire"":""sheep-1764818974164-357"",""note"":""Recorded breeding""}]"
sheep-1764818974160-172,60L,,Brown and White,Ewe,2 years,130,2023-12-23,2025-08-02,2025-08-02,2025-12-27,sheep-1764818974164-357,79k,,active,,"[{""date"":""2025-04-06"",""count"":2,""children"":[""sheep-1764818974157-63"",""sheep-1764818974157-36""]}]","[{""date"":""2025-12-18"",""weight"":130}]","[{""date"":""2025-12-08"",""sire"":"""",""note"":""Recorded breeding""},{""date"":""2025-08-02"",""sire"":""sheep-1764818974164-357"",""note"":""Recorded breeding""}]"
sheep-1764818974157-38,7 pink,,Med Brown,Ewe,1 year 4 months,110,2024-08-06,2025-08-02,2025-08-02,2025-12-27,sheep-1764818974164-357,27,,active,,,"[{""date"":""2025-12-18"",""weight"":110}]","[{""date"":""2025-12-08"",""sire"":"""",""note"":""Recorded breeding""},{""date"":""2025-08-02"",""sire"":""sheep-1764818974164-357"",""note"":""Recorded breeding""}]"
sheep-1764818974156-17,79k,,Red and White,Ewe,3 years 9 months,110,2022-03-15,2025-08-02,2025-08-02,2025-12-27,sheep-1764818974164-357,,,active,,"[{""date"":""2025-01-05"",""count"":3,""children"":[""sheep-1764818974161-175"",""sheep-1764818974161-176"",""sheep-1764818974160-171""]},{""date"":""2023-12-23"",""count"":1,""children"":[""sheep-1764818974164-328""]}]","[{""date"":""2025-12-18"",""weight"":110}]","[{""date"":""2025-12-08"",""sire"":"""",""note"":""Recorded breeding""},{""date"":""2025-08-02"",""sire"":""sheep-1764818974164-357"",""note"":""Recorded breeding""}]"
sheep-1764818974157-49,80k,,White,Ewe,3 years 9 months,115,2022-03-15,2025-08-02,2025-08-02,2025-12-27,sheep-1764818974164-357,,,active,,"[{""date"":""2024-12-30"",""count"":2,""children"":[""sheep-1764818974164-314"",""sheep-1764818974160-134""]},{""date"":""2024-04-07"",""count"":1,""children"":[""sheep-1764818974158-75""]}]","[{""date"":""2025-12-18"",""weight"":115}]","[{""date"":""2025-12-08"",""sire"":"""",""note"":""Recorded breeding""},{""date"":""2025-08-02"",""sire"":""sheep-1764818974164-357"",""note"":""Recorded breeding""}]"
sheep-1764818974160-131,9 pink,,White with Red Speckles,Ewe,1 year 4 months,115,2024-08-06,2025-08-02,2025-08-02,2025-12-27,sheep-1764818974164-357,80 Spots,,active,,,"[{""date"":""2025-12-18"",""weight"":115}]","[{""date"":""2025-12-08"",""sire"":"""",""note"":""Recorded breeding""},{""date"":""2025-08-02"",""sire"":""sheep-1764818974164-357"",""note"":""Recorded breeding""}]"
sheep-1764818974160-164,972J,,,Ewe,4 years 10 months,,2021-02-10,2025-08-02,2025-08-02,2025-12-27,sheep-1764818974164-357,,,active,,"[{""date"":""2025-03-25"",""count"":2,""children"":[""sheep-1764818974157-39"",""sheep-1764818974157-42""]},{""date"":""2024-09-11"",""count"":1,""children"":[""sheep-1764818974160-122""]},{""date"":""2024-01-05"",""count"":1,""children"":[""sheep-1764818974159-107""]}]",,"[{""date"":""2025-12-08"",""sire"":"""",""note"":""Recorded breeding""},{""date"":""2025-08-02"",""sire"":""sheep-1764818974164-357"",""note"":""Recorded breeding""}]"
sheep-1764818974160-158,Floppy ear,,White with Brown Speckles,Ewe,4 years 10 months,150,2021-02-02,2025-08-02,2025-08-02,2025-12-27,sheep-1764818974164-357,,,active,,"[{""date"":""2025-01-14"",""count"":2,""children"":[""sheep-1764818974162-248"",""sheep-1764818974162-252""]},{""date"":""2023-12-14"",""count"":2,""children"":[""sheep-1764818974160-152"",""sheep-1764818974160-151""]},{""date"":""2023-03-12"",""count"":1,""children"":[""sheep-1764818974162-260""]}]","[{""date"":""2025-12-18"",""weight"":150}]","[{""date"":""2025-12-08"",""sire"":"""",""note"":""Recorded breeding""},{""date"":""2025-08-02"",""sire"":""sheep-1764818974164-357"",""note"":""Recorded breeding""}]"
sheep-1764818974157-58,Sheriff,,Red,Ram,2 years 11 months,220,2022-12-30,,,,,,,active,,,"[{""date"":""2025-04-04"",""weight"":220},{""date"":""2025-12-18"",""weight"":220}]",
sheep-1764821185006-1,125,,White with Brown Speckles,Unknown,1 year 11 months,85,2024-01-03,,,,,,,archived,,,"[{""date"":""2025-12-18"",""weight"":85}]",
sheep-1764818974161-219,185L,,Chocolate Brown,Unknown,1 year 8 months,70,2024-04-10,,,,,,,archived,,,"[{""date"":""2025-12-18"",""weight"":70}]",
sheep-1764818974162-245,24,,,,5 years 10 months,,2020-02-02,2025-08-02,2025-08-02,2025-12-27,sheep-1764818974164-357,,,culled,,"[{""date"":""2025-03-31"",""count"":1,""children"":[""sheep-1764818974158-68""]},{""date"":""2025-01-17"",""count"":3,""children"":[""sheep-1764818974161-209"",""sheep-1764818974161-222"",""sheep-1764818974161-226""]},{""date"":""2025-01-13"",""count"":2,""children"":[""sheep-1764818974161-230"",""sheep-1764818974161-223""]},{""date"":""2024-08-08"",""count"":2,""children"":[""sheep-1764818974159-105"",""sheep-1764818974158-91""]},{""date"":""2024-03-26"",""count"":2,""children"":[""sheep-1764818974160-123"",""sheep-1764818974159-113""]},{""date"":""2023-12-22"",""count"":2,""children"":[""sheep-1764818974164-321"",""sheep-1764818974157-35""]},{""date"":""2023-10-20"",""count"":2,""children"":[""sheep-1764818974163-291"",""sheep-1764818974164-329""]},{""date"":""2023-03-24"",""count"":1,""children"":[""sheep-1764818974162-267""]},{""date"":""2023-01-09"",""count"":1,""children"":[""sheep-1764818974160-173""]}]",,"[{""date"":""2025-08-02"",""sire"":""sheep-1764818974164-357"",""note"":""Recorded breeding""}]"
sheep-1764818974161-185,27,,,ewe,5 years 10 months,,2020-02-02,2025-08-02,2025-08-02,2025-12-27,sheep-1764818974164-357,,,culled,culled,"[{""date"":""2024-08-06"",""count"":3,""children"":[""sheep-1764818974162-262"",""sheep-1764818974162-265"",""sheep-1764818974164-332""]},{""date"":""2023-02-27"",""count"":1,""children"":[""sheep-1764818974162-250""]},{""date"":""2022-12-28"",""count"":2,""children"":[""sheep-1764818974161-213"",""sheep-1764818974162-256""]}]",,"[{""date"":""2025-12-08"",""sire"":"""",""note"":""Recorded breeding""},{""date"":""2025-08-02"",""sire"":""sheep-1764818974164-357"",""note"":""Recorded breeding""}]"
sheep-1764818974161-214,42,,,,4 years 9 months,,2021-03-04,2025-08-02,2025-08-02,2025-12-27,sheep-1764818974164-357,,,culled,,"[{""date"":""2025-03-26"",""count"":2,""children"":[""sheep-1764818974157-49"",""sheep-1764818974158-69""]},{""date"":""2024-03-19"",""count"":1,""children"":[""sheep-1764818974159-111""]},{""date"":""2023-02-11"",""count"":1,""children"":[""sheep-1764818974161-229""]}]",,"[{""date"":""2025-12-08"",""sire"":"""",""note"":""Recorded breeding""},{""date"":""2025-08-02"",""sire"":""sheep-1764818974164-357"",""note"":""Recorded breeding""}]"
sheep-1764821185006-0,43,,,ewe,4 years 10 months,,2021-02-02,2025-08-02,2025-08-02,2025-12-27,sheep-1764818974164-357,,,culled,,"[{""date"":""2024-09-07"",""count"":1,""children"":[""sheep-1764818974163-290""]},{""date"":""2023-12-05"",""count"":2,""children"":[""sheep-1764818974160-141"",""sheep-1764818974160-142""]},{""date"":""2023-03-16"",""count"":2,""children"":[""sheep-1764818974162-236"",""sheep-1764818974161-207""]}]",,"[{""date"":""2025-12-08"",""sire"":"""",""note"":""Recorded breeding""},{""date"":""2025-08-02"",""sire"":""sheep-1764818974164-357"",""note"":""Recorded breeding""}]"
sheep-1764818974161-228,46,,,,5 years 10 months,,2020-02-12,2025-08-02,2025-08-02,2025-12-27,sheep-1764818974164-357,,,culled,,"[{""date"":""2025-01-16"",""count"":1,""children"":[""sheep-1764818974162-242""]},{""date"":""2023-12-13"",""count"":2,""children"":[""sheep-1764818974164-312"",""sheep-1764818974160-144""]},{""date"":""2023-01-08"",""count"":1,""children"":[""sheep-1764818974160-161""]}]",,"[{""date"":""2025-12-08"",""sire"":"""",""note"":""Recorded breeding""},{""date"":""2025-08-02"",""sire"":""sheep-1764818974164-357"",""note"":""Recorded breeding""}]"
sheep-1764818974162-259,47,,[object Object],,4 years 10 months,,2021-02-04,2025-08-02,2025-08-02,2025-12-27,sheep-1764818974164-357,,,culled,culled,"[{""date"":""2025-03-24"",""count"":2,""children"":[""sheep-1764818974158-64"",""sheep-1764818974158-72""]},{""date"":""2024-01-02"",""count"":1,""children"":[""sheep-1764818974164-352""]},{""date"":""2023-03-25"",""count"":2,""children"":[""sheep-1764818974163-278"",""sheep-1764818974162-259""]}]",,"[{""date"":""2025-12-08"",""sire"":"""",""note"":""Recorded breeding""},{""date"":""2025-08-02"",""sire"":""sheep-1764818974164-357"",""note"":""Recorded breeding""}]"
sheep-1764818974160-129,48,,,ewe,6 years 10 months,,2019-02-06,,,,Unknown,,,culled,culled,"[{""date"":""2023-04-12"",""count"":2,""children"":[""sheep-1764818974162-233"",""sheep-1764818974163-281""]}]",,
sheep-1764818974157-48,49,,,ewe,4 years 10 months,,2021-02-10,,,,Unknown,,,culled,culled,"[{""date"":""2024-01-13"",""count"":2,""children"":[""sheep-1764818974159-109"",""sheep-1764818974159-108""]},{""date"":""2023-03-29"",""count"":2,""children"":[""sheep-1764818974162-273"",""sheep-1764818974161-228""]}]",,
sheep-1764818974164-338,69,,,ewe,3 years 9 months,,2022-03-15,,,,Henry,,,culled,culled,"[{""date"":""2023-10-01"",""count"":1,""children"":[""sheep-1764818974164-319""]}]",,
sheep-1766087487108,79,,,,6 years 9 months,,2019-03-04,2025-08-02,2025-08-02,2025-12-27,sheep-1764818974164-357,,,culled,culled,"[{""date"":""2025-01-16"",""count"":1,""children"":[""sheep-1764818974158-83""]},{""date"":""2025-01-12"",""count"":1,""children"":[""sheep-1764818974162-246""]},{""date"":""2025-01-05"",""count"":3,""children"":[""sheep-1764818974161-175"",""sheep-1764818974161-176"",""sheep-1764818974160-171""]},{""date"":""2023-12-23"",""count"":1,""children"":[""sheep-1764818974164-328""]},{""date"":""2023-10-23"",""count"":2,""children"":[""sheep-1764818974160-138"",""sheep-1764818974160-137""]},{""date"":""2022-12-31"",""count"":2,""children"":[""sheep-1764818974164-335"",""sheep-1764818974164-345""]}]",,"[{""date"":""2025-12-08"",""sire"":"""",""note"":""Recorded breeding""},{""date"":""2025-08-02"",""sire"":""sheep-1764818974164-357"",""note"":""Recorded breeding""}]"
sheep-1764821185007-8,84,,,ewe,5 years 9 months,,2020-03-06,2025-08-02,2025-08-02,2025-12-27,sheep-1764818974164-357,,,culled,culled,"[{""date"":""2024-08-07"",""count"":2,""children"":[""sheep-1764818974162-276"",""sheep-1764818974158-76""]},{""date"":""2023-10-24"",""count"":2,""children"":[""sheep-1764818974160-139"",""sheep-1764818974163-301""]},{""date"":""2023-01-04"",""count"":2,""children"":[""sheep-1764818974158-90"",""sheep-1764818974158-88""]}]",,"[{""date"":""2025-12-08"",""sire"":"""",""note"":""Recorded breeding""},{""date"":""2025-08-02"",""sire"":""sheep-1764818974164-357"",""note"":""Recorded breeding""}]"
sheep-1764818974160-161,87,,,ewe,4 years 9 months,,2021-03-04,,,,Unknown,,,culled,,"[{""date"":""2023-09-23"",""count"":2,""children"":[""sheep-1764818974164-310"",""sheep-1764818974164-307""]},{""date"":""2023-01-05"",""count"":2,""children"":[""sheep-1764818974160-124"",""sheep-1764818974160-125""]}]",,
sheep-1764818974164-330,87,,,ewe,5 years 11 months,,2020-01-05,,,,,,,culled,culled,"[{""date"":""2023-09-23"",""count"":2,""children"":[""sheep-1764818974164-310"",""sheep-1764818974164-307""]},{""date"":""2023-01-05"",""count"":2,""children"":[""sheep-1764818974160-124"",""sheep-1764818974160-125""]}]",,
sheep-1764818974157-51,88,,,ewe,6 years 9 months,,2019-02-27,,,,Unknown,,,culled,culled,"[{""date"":""2023-01-05"",""count"":1,""children"":[""sheep-1764818974160-133""]}]",,
sheep-1764818974163-291,93,,,ewe,5 years 10 months,,2020-02-02,,,,Unknown,,,culled,,"[{""date"":""2023-12-13"",""count"":2,""children"":[""sheep-1764818974160-150"",""sheep-1764818974160-149""]},{""date"":""2023-03-06"",""count"":1,""children"":[""sheep-1764818974162-240""]}]",,
sheep-1764818974160-156,97,,,,3 years 9 months,,2022-03-15,2025-08-02,2025-08-02,2025-12-27,sheep-1764818974164-357,,,culled,culled,"[{""date"":""2025-03-25"",""count"":2,""children"":[""sheep-1764818974157-39"",""sheep-1764818974157-42""]},{""date"":""2024-09-11"",""count"":1,""children"":[""sheep-1764818974160-122""]},{""date"":""2024-01-05"",""count"":1,""children"":[""sheep-1764818974159-107""]},{""date"":""2023-09-29"",""count"":1,""children"":[""sheep-1764818974164-316""]}]",,"[{""date"":""2025-12-08"",""sire"":"""",""note"":""Recorded breeding""},{""date"":""2025-08-02"",""sire"":""sheep-1764818974164-357"",""note"":""Recorded breeding""}]"
sheep-1764818974161-204,98,,,,3 years 9 months,,2022-03-15,,,,Henry,,,culled,culled,,,
sheep-1764818974159-111,99,,,,3 years 9 months,,2022-03-15,2025-08-02,2025-08-02,2025-12-27,sheep-1764818974164-357,,,culled,,"[{""date"":""2025-03-29"",""count"":2,""children"":[""sheep-1764818974158-66"",""sheep-1764818974157-43""]},{""date"":""2024-03-22"",""count"":2,""children"":[""sheep-1764818974159-112"",""sheep-1764818974159-106""]}]",,"[{""date"":""2025-12-08"",""sire"":"""",""note"":""Recorded breeding""},{""date"":""2025-08-02"",""sire"":""sheep-1764818974164-357"",""note"":""Recorded breeding""}]"
sheep-1764818974163-279,106,,,Ewe,3 years 9 months,,2022-03-15,,,,Henry,,,culled,culled,"[{""date"":""2023-10-03"",""count"":1,""children"":[""sheep-1764818974162-274""]}]",,
sheep-1764821185007-7,107,,,ewe,3 years 9 months,,2022-03-15,,,,Henry,,,culled,culled,"[{""date"":""2023-10-02"",""count"":2,""children"":[""sheep-1764818974162-272"",""sheep-1764818974162-263""]}]",,
sheep-1764818974164-329,108,,,,3 years 9 months,,2022-03-15,,,,Henry,,,culled,culled,,,
sheep-1764818974160-141,109,,,ewe,2 years 11 months,,2023-01-05,,,,,,,culled,culled,"[{""date"":""2023-12-28"",""count"":2,""children"":[""sheep-1764818974159-98"",""sheep-1764818974159-97""]}]",,
sheep-1764818974164-351,110,,,ewe,2 years 11 months,,2023-01-01,,,,Henry,,,culled,,"[{""date"":""2023-12-21"",""count"":2,""children"":[""sheep-1764818974160-154"",""sheep-1764818974160-153""]}]",,
sheep-1764818974160-170,112,,,,5 years 10 months,,2020-02-02,2025-08-02,2025-08-02,2025-12-27,sheep-1764818974164-357,,,culled,,"[{""date"":""2025-03-25"",""count"":2,""children"":[""sheep-1764818974157-41"",""sheep-1764818974157-40""]},{""date"":""2024-08-08"",""count"":2,""children"":[""sheep-1764818974163-282"",""sheep-1764818974163-279""]}]",,"[{""date"":""2025-12-08"",""sire"":"""",""note"":""Recorded breeding""},{""date"":""2025-08-02"",""sire"":""sheep-1764818974164-357"",""note"":""Recorded breeding""}]"
sheep-1764818974160-160,116,,,ewe,2 years 8 months,,2023-03-25,2025-08-02,2025-08-02,2025-12-27,sheep-1764818974164-357,,,culled,,"[{""date"":""2025-01-06"",""count"":1,""children"":[""sheep-1764818974160-166""]},{""date"":""2024-03-19"",""count"":1,""children"":[""sheep-1764818974159-110""]}]",,"[{""date"":""2025-12-08"",""sire"":"""",""note"":""Recorded breeding""},{""date"":""2025-08-02"",""sire"":""sheep-1764818974164-357"",""note"":""Recorded breeding""}]"
sheep-1764818974160-147,117,,,ewe,2 years 9 months,,2023-03-09,2025-08-02,2025-08-02,2025-12-27,sheep-1764818974164-357,1K,,culled,,"[{""date"":""2025-01-04"",""count"":2,""children"":[""sheep-1764818974164-317"",""sheep-1764818974164-320""]}]",,"[{""date"":""2025-12-08"",""sire"":"""",""note"":""Recorded breeding""},{""date"":""2025-08-02"",""sire"":""sheep-1764818974164-357"",""note"":""Recorded breeding""}]"
sheep-1764818974162-244,127,Katahdin,,,3 months,,2025-09-05,,,,31 (brown),02 Shorty,,culled,,,,
sheep-1764818974162-237,131,Katahdin,,,3 months,,2025-09-04,,,,31 (brown),86 Popsicle,,culled,,,,
sheep-1764818974162-251,132,Katahdin,,,3 months,,2025-09-03,,,,31 (brown),80k,,culled,,"[{""date"":""2025-01-13"",""count"":3,""children"":[""sheep-1764818974161-202"",""sheep-1764818974161-219"",""sheep-1764818974161-208""]},{""date"":""2024-03-22"",""count"":1,""children"":[""sheep-1764818974159-92""]},{""date"":""2023-03-30"",""count"":3,""children"":[""sheep-1764818974162-239"",""sheep-1764818974162-243"",""sheep-1764818974162-237""]}]",,
sheep-1764818974159-92,133,Katahdin,,,3 months,,2025-09-03,,,,31 (brown),80k,,culled,,"[{""date"":""2025-03-26"",""count"":1,""children"":[""sheep-1764818974158-65""]}]",,
sheep-1764818974160-130,134,Katahdin,Red and White,,3 months,,2025-09-05,,,,31 (brown),02 Shorty,,culled,,"[{""date"":""2025-04-03"",""count"":1,""children"":[""sheep-1764818974157-61""]}]",,
sheep-1764818974162-234,135,Katahdin,,,3 months,,2025-09-03,,,,31 (brown),79k,,culled,,"[{""date"":""2025-04-05"",""count"":2,""children"":[""sheep-1764818974157-55"",""sheep-1764818974157-53""]}]",,
sheep-1764818974157-50,136,Katahdin,,,3 months,,2025-09-03,,,,31 (brown),118,,culled,,"[{""date"":""2025-04-06"",""count"":1,""children"":[""sheep-1764818974159-93""]}]",,
sheep-1764818974161-203,182,,,,8 months,,2025-03-25,2025-08-02,2025-08-02,2025-12-27,sheep-1764818974164-357,112,,culled,,,,"[{""date"":""2025-12-08"",""sire"":"""",""note"":""Recorded breeding""},{""date"":""2025-08-02"",""sire"":""sheep-1764818974164-357"",""note"":""Recorded breeding""}]"
sheep-1764818974157-46,184,,,,8 months,,2025-03-25,2025-08-02,2025-08-02,2025-12-27,sheep-1764818974164-357,972J,,culled,,,,"[{""date"":""2025-12-08"",""sire"":"""",""note"":""Recorded breeding""},{""date"":""2025-08-02"",""sire"":""sheep-1764818974164-357"",""note"":""Recorded breeding""}]"
sheep-1764818974160-142,186,,,,8 months,,2025-03-25,2025-08-02,2025-08-02,2025-12-27,sheep-1764818974164-357,113,,culled,,,,"[{""date"":""2025-12-08"",""sire"":"""",""note"":""Recorded breeding""},{""date"":""2025-08-02"",""sire"":""sheep-1764818974164-357"",""note"":""Recorded breeding""}]"
sheep-1764818974155-2,188,,,,8 months,,2025-03-27,2025-08-02,2025-08-02,2025-12-27,sheep-1764818974164-357,51J,,culled,,,,"[{""date"":""2025-12-08"",""sire"":"""",""note"":""Recorded breeding""},{""date"":""2025-08-02"",""sire"":""sheep-1764818974164-357"",""note"":""Recorded breeding""}]"
sheep-1764818974160-162,189,,,,8 months,,2025-03-31,2025-08-02,2025-08-02,2025-12-27,sheep-1764818974164-357,120,,culled,,,,"[{""date"":""2025-12-08"",""sire"":"""",""note"":""Recorded breeding""},{""date"":""2025-08-02"",""sire"":""sheep-1764818974164-357"",""note"":""Recorded breeding""}]"
sheep-1764818974161-211,191,,,,8 months,,2025-03-26,2025-08-02,2025-08-02,2025-12-27,sheep-1764818974164-357,42,,culled,,,,"[{""date"":""2025-12-08"",""sire"":"""",""note"":""Recorded breeding""},{""date"":""2025-08-02"",""sire"":""sheep-1764818974164-357"",""note"":""Recorded breeding""}]"
sheep-1764818974164-326,196,,,,8 months,,2025-04-04,2025-08-02,2025-08-02,2025-12-27,sheep-1764818974164-357,5141,,culled,,,,"[{""date"":""2025-12-08"",""sire"":"""",""note"":""Recorded breeding""},{""date"":""2025-08-02"",""sire"":""sheep-1764818974164-357"",""note"":""Recorded breeding""}]"
sheep-1764818974156-10,196,,,,8 months,,2025-04-05,2025-08-02,2025-08-02,2025-12-27,sheep-1764818974164-357,135L,,culled,,,,"[{""date"":""2025-12-08"",""sire"":"""",""note"":""Recorded breeding""},{""date"":""2025-08-02"",""sire"":""sheep-1764818974164-357"",""note"":""Recorded breeding""}]"
sheep-1766091362011,949,Katahdin,,Ram,3 months,,2025-09-05,,,,31 (brown),25K Plum,,culled,,,[],
sheep-1764818974157-54,950,Katahdin,,Ram,3 months,,2025-09-04,,,,31 (brown),117,,culled,,,[],
sheep-1764818974160-139,952,Katahdin,,Ram,3 months,,2025-09-03,,,,31 (brown),117,,culled,,,[],
sheep-1764818974161-217,953,Katahdin,,Ram,3 months,,2025-09-04,,,,31 (brown),121L,,culled,,,[],
sheep-1764818974159-110,955,Katahdin,,,3 months,,2025-09-01,2025-08-02,2025-08-02,2025-12-27,sheep-1764818974164-357,31L ewe,,culled,,,,"[{""date"":""2025-12-08"",""sire"":"""",""note"":""Recorded breeding""},{""date"":""2025-08-02"",""sire"":""sheep-1764818974164-357"",""note"":""Recorded breeding""}]"
sheep-1764818974161-189,986,,,,8 months,,2025-03-29,2025-08-02,2025-08-02,2025-12-27,sheep-1764818974164-357,99,,culled,,,,"[{""date"":""2025-12-08"",""sire"":"""",""note"":""Recorded breeding""},{""date"":""2025-08-02"",""sire"":""sheep-1764818974164-357"",""note"":""Recorded breeding""}]"
sheep-1766091279448,5141,,,,4 years 10 months,,2021-02-10,2025-08-02,2025-08-02,2025-12-27,sheep-1764818974164-357,,,culled,,"[{""date"":""2025-04-04"",""count"":2,""children"":[""sheep-1764818974157-54"",""sheep-1764818974157-60""]},{""date"":""2023-12-22"",""count"":1,""children"":[""sheep-1764818974160-155""]},{""date"":""2023-03-25"",""count"":2,""children"":[""sheep-1764818974161-224"",""sheep-1764818974162-270""]}]",,"[{""date"":""2025-12-08"",""sire"":"""",""note"":""Recorded breeding""},{""date"":""2025-08-02"",""sire"":""sheep-1764818974164-357"",""note"":""Recorded breeding""}]"
sheep-1764818974158-69,1 L Pink,,White,Ewe,1 year 8 months,,2024-04-07,2025-08-02,2025-08-02,2025-12-27,sheep-1764818974164-357,80k,,culled,,"[{""date"":""2025-04-03"",""count"":1,""children"":[""sheep-1764818974157-52""]}]",[],"[{""date"":""2025-12-08"",""sire"":"""",""note"":""Recorded breeding""},{""date"":""2025-08-02"",""sire"":""sheep-1764818974164-357"",""note"":""Recorded breeding""}]"
sheep-1764818974158-75,10 pink,,,,1 year 4 months,,2024-08-07,2025-08-02,2025-08-02,2025-12-27,sheep-1764818974164-357,84,,culled,,,,"[{""date"":""2025-12-08"",""sire"":"""",""note"":""Recorded breeding""},{""date"":""2025-08-02"",""sire"":""sheep-1764818974164-357"",""note"":""Recorded breeding""}]"
sheep-1764818974160-137,10L ewe,,,ewe,2 years 11 months,,2023-01-02,2025-08-02,2025-08-02,2025-12-27,sheep-1764818974164-357,82,,culled,culled,,,"[{""date"":""2025-12-08"",""sire"":"""",""note"":""Recorded breeding""},{""date"":""2025-08-02"",""sire"":""sheep-1764818974164-357"",""note"":""Recorded breeding""}]"
sheep-1764818974162-269,11 pink,,,,1 year 4 months,,2024-08-08,2025-08-02,2025-08-02,2025-12-27,sheep-1764818974164-357,111,,culled,culled,,,"[{""date"":""2025-12-08"",""sire"":"""",""note"":""Recorded breeding""},{""date"":""2025-08-02"",""sire"":""sheep-1764818974164-357"",""note"":""Recorded breeding""}]"
sheep-1764818974164-339,111 sq,,,ewe,2 years 11 months,,2023-01-08,2025-08-02,2025-08-02,2025-12-27,sheep-1764818974164-357,23,,culled,,"[{""date"":""2025-01-06"",""count"":2,""children"":[""sheep-1764818974160-147"",""sheep-1764818974161-179""]},{""date"":""2024-01-05"",""count"":1,""children"":[""sheep-1764818974158-79""]}]",,"[{""date"":""2025-12-08"",""sire"":"""",""note"":""Recorded breeding""},{""date"":""2025-08-02"",""sire"":""sheep-1764818974164-357"",""note"":""Recorded breeding""}]"
sheep-1764818974156-6,116 Blue,,,,11 months,,2025-01-12,2025-08-02,2025-08-02,2025-12-27,sheep-1764818974164-357,55l,,culled,,,,"[{""date"":""2025-08-02"",""sire"":""sheep-1764818974164-357"",""note"":""Recorded breeding""}]"
sheep-1764818974159-99,119 Pink,,,,11 months,,2025-01-16,2025-08-02,2025-08-02,2025-12-27,sheep-1764818974164-357,96,,culled,,,,"[{""date"":""2025-08-02"",""sire"":""sheep-1764818974164-357"",""note"":""Recorded breeding""}]"
sheep-1764818974157-28,11L ewe,,,ewe,2 years 11 months,,2023-01-04,,,,Henry,84,,culled,culled,,,
sheep-1764818974164-347,12 L ewe,,,ewe,2 years 11 months,,2023-01-04,,,,Henry,84,,culled,culled,,,
sheep-1764818974162-248,121ewe,,,,2 years,,2023-12-23,2025-08-02,2025-08-02,2025-12-27,sheep-1764818974164-357,51K,,culled,culled,,,"[{""date"":""2025-12-08"",""sire"":"""",""note"":""Recorded breeding""},{""date"":""2025-08-02"",""sire"":""sheep-1764818974164-357"",""note"":""Recorded breeding""}]"
sheep-1764818974161-178,122ewe,,,ewe,1 year 11 months,,2023-12-26,,,,Passion,2L ewe,,culled,culled,,,
sheep-1764818974164-324,123ewe,,,,1 year 11 months,,2023-12-28,,,,Passion,109,,culled,culled,,,
sheep-1764818974155-1,124ewe,,,,1 year 11 months,,2023-12-28,2025-08-02,2025-08-02,2025-12-27,sheep-1764818974164-357,109,,culled,culled,,,"[{""date"":""2025-12-08"",""sire"":"""",""note"":""Recorded breeding""},{""date"":""2025-08-02"",""sire"":""sheep-1764818974164-357"",""note"":""Recorded breeding""}]"
sheep-1764818974160-165,125ewe,,,,1 year 11 months,,2023-12-29,2025-08-02,2025-08-02,2025-12-27,sheep-1764818974164-357,86 Popsicle,,culled,culled,,,"[{""date"":""2025-12-08"",""sire"":"""",""note"":""Recorded breeding""},{""date"":""2025-08-02"",""sire"":""sheep-1764818974164-357"",""note"":""Recorded breeding""}]"
sheep-1764818974161-220,126ewe,,,,1 year 11 months,,2023-12-29,2025-08-02,2025-08-02,2025-12-27,sheep-1764818974164-357,86 Popsicle,,culled,culled,,,"[{""date"":""2025-12-08"",""sire"":"""",""note"":""Recorded breeding""},{""date"":""2025-08-02"",""sire"":""sheep-1764818974164-357"",""note"":""Recorded breeding""}]"
sheep-1764818974163-295,127ewe,,,,1 year 11 months,,2023-12-29,2025-08-02,2025-08-02,2025-12-27,sheep-1764818974164-357,92 Pretzel,,culled,culled,,,"[{""date"":""2025-12-08"",""sire"":"""",""note"":""Recorded breeding""},{""date"":""2025-08-02"",""sire"":""sheep-1764818974164-357"",""note"":""Recorded breeding""}]"
sheep-1764818974164-344,128L,,,,1 year 11 months,,2023-12-30,2025-08-02,2025-08-02,2025-12-27,sheep-1764818974164-357,34,,culled,,"[{""date"":""2025-02-13"",""count"":2,""children"":[""sheep-1764818974158-85"",""sheep-1764818974164-342""]}]",,"[{""date"":""2025-08-02"",""sire"":""sheep-1764818974164-357"",""note"":""Recorded breeding""}]"
sheep-1764818974163-296,129 ewe,,,,1 year 11 months,,2023-12-30,,,,Passion,57 Popcorn,,culled,culled,,,
sheep-1764818974158-80,130 ewe,,,ewe,1 year 11 months,,2024-01-05,,,,Sheriff,972J,,culled,culled,,,
sheep-1764818974158-86,131 ewe,,,,1 year 11 months,,2024-01-13,2025-08-02,2025-08-02,2025-12-27,sheep-1764818974164-357,49,,culled,culled,,,"[{""date"":""2025-12-08"",""sire"":"""",""note"":""Recorded breeding""},{""date"":""2025-08-02"",""sire"":""sheep-1764818974164-357"",""note"":""Recorded breeding""}]"
sheep-1764818974156-21,132 ewe,,,ewe,1 year 11 months,,2024-01-13,,,,17K,49,,culled,culled,,,
sheep-1764818974160-136,133L,,,,1 year 9 months,,2024-03-19,2025-08-02,2025-08-02,2025-12-27,sheep-1764818974164-357,116,,culled,,"[{""date"":""2025-03-26"",""count"":1,""children"":[""sheep-1764818974158-65""]}]",,"[{""date"":""2025-12-08"",""sire"":"""",""note"":""Recorded breeding""},{""date"":""2025-08-02"",""sire"":""sheep-1764818974164-357"",""note"":""Recorded breeding""}]"
sheep-1764818974160-143,136L,,,,1 year 8 months,,2024-03-26,2025-08-02,2025-08-02,2025-12-27,sheep-1764818974164-357,24L ewe,,culled,,"[{""date"":""2025-04-06"",""count"":1,""children"":[""sheep-1764818974159-93""]}]",,"[{""date"":""2025-12-08"",""sire"":"""",""note"":""Recorded breeding""},{""date"":""2025-08-02"",""sire"":""sheep-1764818974164-357"",""note"":""Recorded breeding""}]"
sheep-1764818974160-124,137L,,,,1 year 8 months,,2024-03-26,2025-08-02,2025-08-02,2025-12-27,sheep-1764818974164-357,83,,culled,,,,"[{""date"":""2025-12-08"",""sire"":"""",""note"":""Recorded breeding""},{""date"":""2025-08-02"",""sire"":""sheep-1764818974164-357"",""note"":""Recorded breeding""}]"
sheep-1764818974161-200,139L,,,,1 year 8 months,,2024-03-31,2025-08-02,2025-08-02,2025-12-27,sheep-1764818974164-357,23L ewe,,culled,,,,"[{""date"":""2025-12-08"",""sire"":"""",""note"":""Recorded breeding""},{""date"":""2025-08-02"",""sire"":""sheep-1764818974164-357"",""note"":""Recorded breeding""}]"
sheep-1764818974156-20,13L ewe,,,ewe,2 years 11 months,,2023-01-04,,,,Henry,51J,,culled,culled,,,
sheep-1764818974164-346,14L ewe,,,ewe,2 years 11 months,,2023-01-05,,,,Henry,86 Popsicle,,culled,culled,,,
sheep-1764818974156-11,15L ewe,,,ewe,2 years 11 months,,2023-01-05,,,,Henry,87,,culled,culled,,,
sheep-1764818974157-35,15L ewe,,,ewe,2 years 11 months,,2023-01-05,,,,Henry,87,,culled,culled,,,
sheep-1764818974163-294,16L ewe,,,ewe,2 years 11 months,,2023-01-05,,,,Henry,89,,culled,culled,,,
sheep-1764818974156-18,18 pink,,,,11 months,,2024-12-30,2025-08-02,2025-08-02,2025-12-27,sheep-1764818974164-357,80k,,culled,,,,"[{""date"":""2025-12-08"",""sire"":"""",""note"":""Recorded breeding""},{""date"":""2025-08-02"",""sire"":""sheep-1764818974164-357"",""note"":""Recorded breeding""}]"
sheep-1764818974164-340,18L ewe,,,ewe,2 years 11 months,,2023-01-08,,,,Henry,91,,culled,culled,,,
sheep-1766091886398,19 pink,,,ewe,11 months,,2025-01-06,2025-08-02,2025-08-02,2025-12-27,sheep-1764818974164-357,111 sq,,culled,,,,"[{""date"":""2025-12-08"",""sire"":"""",""note"":""Recorded breeding""},{""date"":""2025-08-02"",""sire"":""sheep-1764818974164-357"",""note"":""Recorded breeding""}]"
sheep-1764818974160-125,19L ewe,,,ewe,2 years 11 months,,2023-01-08,,,,Henry,71Pringles...,,culled,culled,,,
sheep-1764818974158-83,1L ewe (sold),,,ewe,2 years 11 months,,2022-12-25,,,,Henry,35 Potato,,culled,culled,,,
sheep-1764818974158-89,21L ewe,,,ewe,2 years 11 months,,2023-01-11,,,,Henry,26,,culled,culled,"[{""date"":""2023-12-24"",""count"":2,""children"":[""sheep-1764818974160-159"",""sheep-1764818974160-158""]}]",,
sheep-1764818974164-353,22 (round),,,ewe,10 years 8 months,,2015-03-25,,,,,,,culled,culled,"[{""date"":""2023-12-30"",""count"":2,""children"":[""sheep-1764818974164-336"",""sheep-1764818974164-346""]}]",,
sheep-1764818974161-198,22L ewe (black),,,ewe,2 years 10 months,,2023-02-02,2025-08-02,2025-08-02,2025-12-27,sheep-1764818974164-357,05 Black&White,,culled,culled,"[{""date"":""2025-01-15"",""count"":2,""children"":[""sheep-1764818974161-195"",""sheep-1764818974161-198""]},{""date"":""2024-04-04"",""count"":1,""children"":[""sheep-1764818974160-132""]}]",,"[{""date"":""2025-08-02"",""sire"":""sheep-1764818974164-357"",""note"":""Recorded breeding""}]"
sheep-1764818974159-120,23L ewe,,,ewe,2 years 10 months,,2023-02-08,,,,Henry,57 Popcorn,,culled,culled,"[{""date"":""2024-03-31"",""count"":1,""children"":[""sheep-1764818974159-115""]}]",,
sheep-1764818974156-23,23L ewe,,,ewe,2 years 10 months,,2023-02-08,,,,Henry,57 Popcorn,,culled,culled,"[{""date"":""2024-03-31"",""count"":1,""children"":[""sheep-1764818974159-115""]}]",,
sheep-1764818974160-149,24L ewe,,,ewe,2 years 10 months,,2023-02-09,2025-08-02,2025-08-02,2025-12-27,sheep-1764818974164-357,56,,culled,,"[{""date"":""2025-01-13"",""count"":2,""children"":[""sheep-1764818974161-230"",""sheep-1764818974161-223""]},{""date"":""2024-03-26"",""count"":2,""children"":[""sheep-1764818974160-123"",""sheep-1764818974159-113""]}]",,"[{""date"":""2025-08-02"",""sire"":""sheep-1764818974164-357"",""note"":""Recorded breeding""}]"
sheep-1764818974161-179,25L ewe,,,ewe,2 years 10 months,,2023-02-10,,,,Henry,2CPecan,,culled,culled,,,
sheep-1764818974157-59,26 pink,,,,11 months,,2025-01-15,2025-08-02,2025-08-02,2025-12-27,sheep-1764818974164-357,40L,,culled,culled,,,"[{""date"":""2025-12-08"",""sire"":"""",""note"":""Recorded breeding""},{""date"":""2025-08-02"",""sire"":""sheep-1764818974164-357"",""note"":""Recorded breeding""}]"
sheep-1764818974155-0,26L,,,ewe,2 years 9 months,,2023-03-09,2025-08-02,2025-08-02,2025-12-27,sheep-1764818974164-357,1K,,culled,,"[{""date"":""2025-04-02"",""count"":1,""children"":[""sheep-1764818974157-51""]}]",,"[{""date"":""2025-12-08"",""sire"":"""",""note"":""Recorded breeding""},{""date"":""2025-08-02"",""sire"":""sheep-1764818974164-357"",""note"":""Recorded breeding""}]"
sheep-1764818974163-297,27L ewe,,,ewe,2 years 9 months,,2023-03-09,,,,Henry,1K,,culled,culled,,,
sheep-1766086882076,28L,,,ewe,2 years 9 months,,2023-03-12,2025-08-02,2025-08-02,2025-12-27,sheep-1764818974164-357,21A Peanut,,culled,,"[{""date"":""2025-03-28"",""count"":2,""children"":[""sheep-1764818974157-58"",""sheep-1764818974157-50""]},{""date"":""2025-02-13"",""count"":2,""children"":[""sheep-1764818974158-85"",""sheep-1764818974164-342""]},{""date"":""2024-04-10"",""count"":1,""children"":[""sheep-1764818974160-148""]}]",,"[{""date"":""2025-12-08"",""sire"":"""",""note"":""Recorded breeding""},{""date"":""2025-08-02"",""sire"":""sheep-1764818974164-357"",""note"":""Recorded breeding""}]"
sheep-1764818974161-187,28L ewe,,,ewe,2 years 9 months,,2023-03-12,2025-08-02,2025-08-02,2025-12-27,sheep-1764818974164-357,21A Peanut,,culled,culled,,,"[{""date"":""2025-12-08"",""sire"":"""",""note"":""Recorded breeding""},{""date"":""2025-08-02"",""sire"":""sheep-1764818974164-357"",""note"":""Recorded breeding""}]"
sheep-1764821185007-6,29 ewe,,,ewe,2 years 9 months,,2023-03-16,,,,15K,43,,culled,culled,,,
sheep-1764818974164-312,2L ewe,,,,2 years 11 months,,2022-12-26,2025-08-02,2025-08-02,2025-12-27,sheep-1764818974164-357,78 Screamer,,culled,culled,"[{""date"":""2025-01-15"",""count"":2,""children"":[""sheep-1764818974161-195"",""sheep-1764818974161-198""]},{""date"":""2024-04-04"",""count"":1,""children"":[""sheep-1764818974160-132""]},{""date"":""2023-12-26"",""count"":1,""children"":[""sheep-1764818974159-96""]}]",,"[{""date"":""2025-12-08"",""sire"":"""",""note"":""Recorded breeding""},{""date"":""2025-08-02"",""sire"":""sheep-1764818974164-357"",""note"":""Recorded breeding""}]"
sheep-1764818974160-132,2L Pink,,,,1 year 8 months,,2024-04-08,2025-08-02,2025-08-02,2025-12-27,sheep-1764818974164-357,102,,culled,,,,"[{""date"":""2025-12-08"",""sire"":"""",""note"":""Recorded breeding""},{""date"":""2025-08-02"",""sire"":""sheep-1764818974164-357"",""note"":""Recorded breeding""}]"
sheep-1764818974158-87,30 ewe,,,ewe,2 years 9 months,,2023-03-18,,,,15K,44,,culled,culled,,,
sheep-1764818974160-126,31L ewe,,,ewe,2 years 8 months,,2023-03-25,2025-08-02,2025-08-02,2025-12-27,sheep-1764818974164-357,5141,,culled,,"[{""date"":""2025-01-15"",""count"":2,""children"":[""sheep-1764818974162-245"",""sheep-1764818974162-249""]},{""date"":""2024-04-04"",""count"":2,""children"":[""sheep-1764818974160-135"",""sheep-1764818974159-119""]}]",,"[{""date"":""2025-12-08"",""sire"":"""",""note"":""Recorded breeding""},{""date"":""2025-08-02"",""sire"":""sheep-1764818974164-357"",""note"":""Recorded breeding""}]"
sheep-1764818974160-150,32L ewe,,,ewe,2 years 8 months,,2023-03-29,,,,Henry,49,,culled,culled,,,
sheep-1764818974163-280,33 pink,,,,11 months,,2025-01-13,2025-08-02,2025-08-02,2025-12-27,sheep-1764818974164-357,24L ewe,,culled,culled,,,"[{""date"":""2025-12-08"",""sire"":"""",""note"":""Recorded breeding""},{""date"":""2025-08-02"",""sire"":""sheep-1764818974164-357"",""note"":""Recorded breeding""}]"
sheep-1764818974161-177,33Lewe,,,ewe,2 years 8 months,,2023-04-12,,,,15K,48,,culled,culled,,,
sheep-1764818974157-62,34 pink,,,,11 months,,2025-01-18,2025-08-02,2025-08-02,2025-12-27,sheep-1764818974164-357,41 (91J),,culled,,,,"[{""date"":""2025-12-08"",""sire"":"""",""note"":""Recorded breeding""},{""date"":""2025-08-02"",""sire"":""sheep-1764818974164-357"",""note"":""Recorded breeding""}]"
sheep-1764818974160-167,34 Pink,,,,11 months,,2024-12-24,,,,Unknown,,,culled,culled,"[{""date"":""2025-04-03"",""count"":1,""children"":[""sheep-1764818974157-61""]},{""date"":""2023-12-30"",""count"":2,""children"":[""sheep-1764818974159-102"",""sheep-1764818974161-216""]},{""date"":""2023-01-11"",""count"":2,""children"":[""sheep-1764818974161-183"",""sheep-1764818974161-188""]}]",[],
sheep-1764818974161-199,34L ewe,,,ewe,2 years 8 months,,2023-03-30,2025-08-02,2025-08-02,2025-12-27,sheep-1764818974164-357,5132J,,culled,,,,"[{""date"":""2025-12-08"",""sire"":"""",""note"":""Recorded breeding""},{""date"":""2025-08-02"",""sire"":""sheep-1764818974164-357"",""note"":""Recorded breeding""}]"
sheep-1764818974156-16,35L ewe,,,ewe,2 years 8 months,,2023-03-30,2025-08-02,2025-08-02,2025-12-27,sheep-1764818974164-357,5132J,,culled,,,,"[{""date"":""2025-12-08"",""sire"":"""",""note"":""Recorded breeding""},{""date"":""2025-08-02"",""sire"":""sheep-1764818974164-357"",""note"":""Recorded breeding""}]"
sheep-1764818974156-9,36L ewe,,,ewe,2 years 8 months,,2023-03-30,2025-08-02,2025-08-02,2025-12-27,sheep-1764818974164-357,5132J,,culled,,,,"[{""date"":""2025-12-08"",""sire"":"""",""note"":""Recorded breeding""},{""date"":""2025-08-02"",""sire"":""sheep-1764818974164-357"",""note"":""Recorded breeding""}]"
sheep-1764818974159-102,37L ewe,,,ewe,2 years 3 months,,2023-09-18,,,,Passion,50,,culled,culled,,,
sheep-1764818974161-225,38Lewe,,,ewe,2 years 3 months,,2023-09-23,,,,Passion,89,,culled,culled,,,
sheep-1766088442783,39 pink,,,,11 months,,2025-01-14,2025-08-02,2025-08-02,2025-12-27,sheep-1764818974164-357,Floppy ear,,culled,culled,,,"[{""date"":""2025-12-08"",""sire"":"""",""note"":""Recorded breeding""},{""date"":""2025-08-02"",""sire"":""sheep-1764818974164-357"",""note"":""Recorded breeding""}]"
sheep-1764818974164-315,39Lewe,,,ewe,2 years 3 months,,2023-09-23,,,,Passion,89,,culled,culled,,,
sheep-1764818974162-273,40L,,,ewe,2 years 8 months,,2023-03-25,2025-08-02,2025-08-02,2025-12-27,sheep-1764818974164-357,47,,culled,,"[{""date"":""2025-01-15"",""count"":2,""children"":[""sheep-1764818974161-190"",""sheep-1764818974161-194""]}]",,"[{""date"":""2025-12-08"",""sire"":"""",""note"":""Recorded breeding""},{""date"":""2025-08-02"",""sire"":""sheep-1764818974164-357"",""note"":""Recorded breeding""}]"
sheep-1764818974159-107,41L ewe,,,ewe,2 years 2 months,,2023-10-02,,,,Passion,107,,culled,culled,,,
sheep-1764818974162-272,42Lewe,,,ewe,2 years 2 months,,2023-09-24,,,,Passion,51J,,culled,culled,,,
sheep-1764818974159-96,43Lewe,,,ewe,2 years 2 months,,2023-09-25,,,,Passion,808 Chunky,,culled,culled,,,
sheep-1764818974162-274,44L ewe,,,ewe,2 years 2 months,,2023-10-02,,,,Passion,107,,culled,culled,,,
sheep-1764818974160-138,45L ewe,,,ewe,2 years 2 months,,2023-10-03,,,,Passion,106,,culled,culled,,,
sheep-1764818974164-327,46l ewe,,,ewe,2 years 2 months,,2023-10-03,,,,Passion,72K,,culled,culled,,,
sheep-1764818974163-298,48l ewe,,,ewe,2 years 2 months,,2023-10-20,,,,Unknown,26,,culled,culled,,,
sheep-1764818974163-306,49l ewe,,,ewe,2 years 2 months,,2023-10-20,,,,Unknown,26,,culled,culled,,,
sheep-1766087670465,4L ewe,,,,2 years 11 months,,2022-12-28,2025-08-02,2025-08-02,2025-12-27,sheep-1764818974164-357,36,,culled,culled,"[{""date"":""2025-01-13"",""count"":2,""children"":[""sheep-1764818974161-230"",""sheep-1764818974161-223""]},{""date"":""2024-03-26"",""count"":2,""children"":[""sheep-1764818974160-123"",""sheep-1764818974159-113""]}]",,"[{""date"":""2025-12-08"",""sire"":"""",""note"":""Recorded breeding""},{""date"":""2025-08-02"",""sire"":""sheep-1764818974164-357"",""note"":""Recorded breeding""}]"
sheep-1764818974161-215,50l ewe,,,ewe,2 years 2 months,,2023-10-20,,,,Unknown,24,,culled,culled,,,
sheep-1764818974160-148,51 l ewe,,,ewe,2 years 1 months,,2023-10-24,,,,Unknown,81,,culled,culled,,,
sheep-1764818974163-288,51J,,,,5 years 10 months,,2020-02-12,2025-08-02,2025-08-02,2025-12-27,sheep-1764818974164-357,,,culled,,"[{""date"":""2025-03-27"",""count"":2,""children"":[""sheep-1764818974158-67"",""sheep-1764818974157-46""]},{""date"":""2024-08-06"",""count"":2,""children"":[""sheep-1764818974162-271"",""sheep-1764818974164-337""]},{""date"":""2023-09-24"",""count"":1,""children"":[""sheep-1764818974162-266""]},{""date"":""2023-01-04"",""count"":1,""children"":[""sheep-1764818974159-116""]}]",,"[{""date"":""2025-12-08"",""sire"":"""",""note"":""Recorded breeding""},{""date"":""2025-08-02"",""sire"":""sheep-1764818974164-357"",""note"":""Recorded breeding""}]"
sheep-1764818974155-3,51K,,,ewe,3 years 9 months,,2022-03-15,,,,Henry,,,culled,Cull,"[{""date"":""2023-12-23"",""count"":3,""children"":[""sheep-1764818974159-95"",""sheep-1764818974159-94"",""sheep-1764818974160-165""]}]",,
sheep-1764818974164-356,52 l ewe,,,ewe,2 years 1 months,,2023-10-24,,,,Unknown,81,,culled,culled,,,
sheep-1764818974161-218,53 l ewe,,,ewe,2 years 1 months,,2023-10-24,,,,Unknown,84,,culled,culled,,,
sheep-1764818974164-317,54 l ewe,,,ewe,2 years 1 months,,2023-10-25,2025-08-02,2025-08-02,2025-12-27,sheep-1764818974164-357,37,,culled,culled,"[{""date"":""2025-01-17"",""count"":1,""children"":[""sheep-1764818974162-253""]}]",,"[{""date"":""2025-12-08"",""sire"":"""",""note"":""Recorded breeding""},{""date"":""2025-08-02"",""sire"":""sheep-1764818974164-357"",""note"":""Recorded breeding""}]"
sheep-1764818974161-213,55l ewe,,,,2 years,,2023-12-07,2025-08-02,2025-08-02,2025-12-27,sheep-1764818974164-357,800 Parsnip,,culled,,,,"[{""date"":""2025-12-08"",""sire"":"""",""note"":""Recorded breeding""},{""date"":""2025-08-02"",""sire"":""sheep-1764818974164-357"",""note"":""Recorded breeding""}]"
sheep-1764818974162-235,56ewe,,,ewe,2 years,,2023-12-13,,,,Passion,46,,culled,culled,,,
sheep-1764818974161-202,58ewe,,,,2 years,,2023-12-21,,,,Passion,1K,,culled,culled,,,
sheep-1764818974160-173,59L,,,,2 years,,2023-12-22,2025-08-02,2025-08-02,2025-12-27,sheep-1764818974164-357,24K (Pickles),,culled,culled,,,"[{""date"":""2025-12-08"",""sire"":"""",""note"":""Recorded breeding""},{""date"":""2025-08-02"",""sire"":""sheep-1764818974164-357"",""note"":""Recorded breeding""}]"
sheep-1764818974157-37,6 pink,,,,1 year 4 months,,2024-08-04,2025-08-02,2025-08-02,2025-12-27,sheep-1764818974164-357,808 Chunky,,culled,,,,"[{""date"":""2025-12-08"",""sire"":"""",""note"":""Recorded breeding""},{""date"":""2025-08-02"",""sire"":""sheep-1764818974164-357"",""note"":""Recorded breeding""}]"
sheep-1764818974161-224,6L ewe (sold),,,ewe,2 years 11 months,,2022-12-28,,,,Henry,808 Chunky,,culled,culled,,,
sheep-1764818974162-240,7L ewe (sold),,,ewe,2 years 11 months,,2022-12-29,,,,Henry,28 Culled,,culled,culled,,,
sheep-1764818974161-193,8 pink,,,,1 year 4 months,,2024-08-06,2025-08-02,2025-08-02,2025-12-27,sheep-1764818974164-357,51J,,culled,,,,"[{""date"":""2025-12-08"",""sire"":"""",""note"":""Recorded breeding""},{""date"":""2025-08-02"",""sire"":""sheep-1764818974164-357"",""note"":""Recorded breeding""}]"
sheep-1764818974164-333,80 Spots,,,ewe,7 years 9 months,,2018-03-06,,,,Pizza,35 Potato,,culled,,"[{""date"":""2024-08-06"",""count"":1,""children"":[""sheep-1764818974164-347""]},{""date"":""2023-09-23"",""count"":1,""children"":[""sheep-1764818974163-303""]}]",,
sheep-1764818974160-159,800 Parsnip,,,ewe,7 years 10 months,,2018-02-02,,,,Unknown,,,culled,,"[{""date"":""2025-04-04"",""count"":1,""children"":[""sheep-1764818974157-56""]},{""date"":""2024-09-25"",""count"":2,""children"":[""sheep-1764818974163-302"",""sheep-1764818974160-127""]},{""date"":""2023-12-07"",""count"":2,""children"":[""sheep-1764818974164-308"",""sheep-1764818974160-143""]},{""date"":""2022-12-29"",""count"":2,""children"":[""sheep-1764818974163-287"",""sheep-1764818974164-323""]}]",,
sheep-1764818974158-64,808 Chunky,,,ewe,7 years 10 months,,2018-02-02,2025-08-02,2025-08-02,2025-12-27,sheep-1764818974164-357,,,culled,,"[{""date"":""2025-04-03"",""count"":1,""children"":[""sheep-1764818974157-62""]},{""date"":""2024-08-04"",""count"":1,""children"":[""sheep-1764818974164-325""]},{""date"":""2023-09-25"",""count"":2,""children"":[""sheep-1764818974162-269"",""sheep-1764818974163-300""]},{""date"":""2022-12-28"",""count"":1,""children"":[""sheep-1764818974164-330""]}]",,"[{""date"":""2025-12-08"",""sire"":"""",""note"":""Recorded breeding""},{""date"":""2025-08-02"",""sire"":""sheep-1764818974164-357"",""note"":""Recorded breeding""}]"
sheep-1764818974158-78,86 Popsicle,,,,6 years 10 months,,2019-02-02,2025-08-02,2025-08-02,2025-12-27,sheep-1764818974164-357,2C Pecan,,culled,,"[{""date"":""2024-12-16"",""count"":2,""children"":[""sheep-1764818974163-306"",""sheep-1764818974164-309""]},{""date"":""2023-12-29"",""count"":2,""children"":[""sheep-1764818974159-99"",""sheep-1764818974159-100""]},{""date"":""2023-01-05"",""count"":2,""children"":[""sheep-1764818974160-130"",""sheep-1764818974159-120""]}]",,"[{""date"":""2025-12-08"",""sire"":"""",""note"":""Recorded breeding""},{""date"":""2025-08-02"",""sire"":""sheep-1764818974164-357"",""note"":""Recorded breeding""}]"
sheep-1764818974160-127,8L ewe,,,ewe,2 years 11 months,,2022-12-31,,,,Henry,79,,culled,culled,,,
sheep-1764818974158-88,96 ewe,,,,1 year 9 months,,2024-03-23,2025-08-02,2025-08-02,2025-12-27,sheep-1764818974164-357,96,,culled,culled,,,"[{""date"":""2025-12-08"",""sire"":"""",""note"":""Recorded breeding""},{""date"":""2025-08-02"",""sire"":""sheep-1764818974164-357"",""note"":""Recorded breeding""}]"
sheep-1764818974164-308,9L ewe,,,ewe,2 years 11 months,,2023-01-01,,,,Henry,81,,culled,culled,,,
sheep-1764818974156-13,9purple,,,,1 year 11 months,,2024-01-02,,,,Sheriff,47,,culled,culled,,,
sheep-1764818974164-336,,,,Ewe,5 years 9 months,,2020-03-06,2025-08-02,2025-08-02,2025-12-27,sheep-1764818974164-357,92 Pretzel,,culled,,"[{""date"":""2025-03-31"",""count"":1,""children"":[""sheep-1764818974157-47""]},{""date"":""2024-07-31"",""count"":1,""children"":[""sheep-1764818974162-257""]}]",[],"[{""date"":""2025-12-08"",""sire"":"""",""note"":""Recorded breeding""},{""date"":""2025-08-02"",""sire"":""sheep-1764818974164-357"",""note"":""Recorded breeding""}]"
sheep-1764818974163-292,185,,,ram,8 months,,2025-03-29,,,,Sheriff,99,,sold,,,,
sheep-1764818974164-348,928,,,ram,8 months,,2025-03-28,,,,190 Spots,28L,,sold,,,,
sheep-1764818974163-282,929,,,ram,8 months,,2025-03-27,,,,Sheriff,89,,sold,,,,
sheep-1764818974162-256,930,,,ram,8 months,,2025-04-04,,,,Sheriff,5141,,sold,,,,
sheep-1764818974163-287,941,,,ram,8 months,,2025-04-03,,,,190 Spots,134L,,sold,,,,
sheep-1764818974163-278,942,,,ram,8 months,,2025-04-03,,,,190 Spots,808 Chunky,,sold,,,,
sheep-1764818974157-55,944,,,ram,8 months,,2025-04-06,,,,190 Spots,60L,,sold,,,,
sheep-1764818974157-40,984,,,ram,8 months,,2025-03-24,,,,190 Spots,47L Annie,,sold,,,,
sheep-1764821185007-11,985,,,ram,8 months,,2025-03-26,,,,190 Spots,133L,,sold,,,,
sheep-1764818974162-231,987,,,ram,8 months,,2025-03-27,,,,Sheriff,51J,,sold,,,,
sheep-1764818974160-135,989,,,ram,8 months,,2025-03-31,,,,Sheriff,24,,sold,,,,
sheep-1764818974162-262,990,,,ram,8 months,,2025-03-26,,,,Sheriff,42,,sold,,,,
sheep-1764818974164-314,994,,,ram,9 months,,2025-03-21,,,,190 Spots,36,,sold,,,,
sheep-1764818974159-98,995,,,ram,9 months,,2025-03-15,,,,190 Spots,57L Berry,,sold,,,,
sheep-1764818974162-271,996,,,ram,8 months,,2025-03-24,,,,190 Spots,47L Annie,,sold,,,,
sheep-1764818974156-8,10L ram,,,ram,2 years 11 months,,2023-01-03,,,,Henry,22 Round ( l...,,sold,culled,,,
sheep-1764818974163-283,10purple,,,ram,1 year 11 months,,2024-01-05,,,,Passion,111 sq,,sold,culled,,,
sheep-1764821185007-10,11L ram,,,ram,2 years 11 months,,2023-01-04,,,,Henry,83,,sold,culled,,,
sheep-1764818974158-91,12 ram,,,ram,1 year 9 months,,2024-03-22,,,,17K,5132J,,sold,culled,,,
sheep-1764818974160-134,12L ram,,,ram,2 years 11 months,,2023-01-04,,,,Henry,85,,sold,culled,,,
sheep-1764821185007-12,13 ram,,,ram,1 year 9 months,,2024-03-22,,,,Sheriff,99,,sold,culled,,,
sheep-1764818974161-227,13L ram,,,ram,2 years 11 months,,2023-01-06,,,,Henry,02 Shorty,,sold,culled,,,
sheep-1764818974162-268,14 ram,,,ram,1 year 9 months,,2024-03-23,,,,Sheriff,96,,sold,culled,,,
sheep-1764821185006-5,14L ram,,,ram,2 years 11 months,,2023-01-06,,,,Henry,02 Shorty,,sold,culled,,,
sheep-1764818974156-22,15 ram,,,ram,1 year 8 months,,2024-03-26,,,,17K,24L ewe,,sold,culled,,,
sheep-1764818974161-230,15K,,,Ram,5 years 9 months,,2020-03-13,,,,Pumpernickle,,,sold,,,[],
sheep-1764818974159-119,15L ram (sold),,,ram,2 years 11 months,,2023-01-08,,,,Henry,37,,sold,culled,,,
sheep-1764818974157-63,16 ram,,,ram,1 year 8 months,,2024-03-26,,,,Sheriff,83,,sold,culled,,,
sheep-1764818974158-77,16L ram,,,ram,2 years 11 months,,2023-01-05,,,,Henry,86 Popsicle,,sold,culled,,,
sheep-1764818974161-216,17 ram,,,ram,1 year 8 months,,2024-04-04,,,,17K,22L ewe (black),,sold,culled,,,
sheep-1764818974164-343,17K,,,ram,2 years 11 months,,2023-01-05,,,,Henry,88,,sold,died,,,
sheep-1764818974157-39,18 ram,,,ram,1 year 8 months,,2024-04-04,,,,17K,31L ewe,,sold,culled,,,
sheep-1764818974159-104,181l ram,,,ram,2 years 2 months,,2023-10-22,,,,Unknown,36,,sold,culled,,,
sheep-1764818974161-181,182 l ram,,,ram,2 years 2 months,,2023-10-23,,,,Unknown,79,,sold,culled,,,
sheep-1764818974161-176,183 l ram,,,ram,2 years 2 months,,2023-10-23,,,,Unknown,79,,sold,culled,,,
sheep-1764818974161-210,184 l ram,,,ram,2 years 1 months,,2023-10-24,,,,Unknown,84,,sold,culled,,,
sheep-1764818974160-152,185 l ram,,,ram,2 years 1 months,,2023-10-25,,,,Unknown,37,,sold,culled,,,
sheep-1764818974164-350,186 ram,,,ram,2 years,,2023-12-05,,,,Sheriff,43,,sold,culled,,,
sheep-1764818974162-243,187 ram,,,ram,2 years,,2023-12-05,,,,58 Sheriff,43,,sold,culled,,,
sheep-1764818974156-14,188 ram,,,ram,2 years,,2023-12-07,,,,Passion,800 Parsnip,,sold,culled,,,
sheep-1764818974159-114,189ram,,,ram,2 years,,2023-12-13,,,,Passion,46,,sold,culled,,,
sheep-1764818974157-33,18L ram,,,ram,2 years 11 months,,2023-01-08,,,,Henry,91,,sold,culled,,,
sheep-1764818974164-320,19 ram,,,ram,1 year 8 months,,2024-04-10,,,,17K,28L,,sold,culled,,,
sheep-1764818974156-7,190ram,,,ram,2 years,,2023-12-13,,,,Passion,93,,sold,culled,,,
sheep-1764818974157-47,191ram,,,ram,2 years,,2023-12-14,,,,58 Sheriff,Floppy ear,,sold,culled,,,
sheep-1764818974162-266,192ram,,,ram,2 years,,2023-12-14,,,,58 Sheriff,Floppy ear,,sold,culled,,,
sheep-1766091620415,193ram,,,ram,2 years,,2023-12-21,,,,Passion,110,,sold,culled,,,
sheep-1764818974158-74,194ram,,,ram,2 years,,2023-12-21,,,,Passion,110,,sold,culled,,,
sheep-1764818974164-322,195ram,,,ram,2 years,,2023-12-22,,,,Sheriff,5141,,sold,culled,,,
sheep-1764818974164-309,196ram,,,ram,2 years,,2023-12-23,,,,Sheriff,41 (91J),,sold,culled,,,
sheep-1764818974163-277,197ram,,,ram,2 years,,2023-12-23,,,,Sheriff,41 (91J),,sold,culled,,,
sheep-1764818974158-81,198ram,,,ram,1 year 11 months,,2023-12-24,,,,Passion,21L ewe,,sold,culled,,,
sheep-1764818974164-316,199ram,,,ram,1 year 11 months,,2023-12-24,,,,Passion,21L ewe,,sold,culled,,,
sheep-1764818974160-123,19L ram,,,ram,2 years 11 months,,2023-01-08,,,,Henry,46,,sold,culled,,,
sheep-1764818974157-34,1L ram,,,ram,2 years 11 months,,2022-12-25,,,,Henry,35 Potato,,sold,culled,,,
sheep-1764818974160-140,1purple,,,ram,2 years,,2023-12-23,,,,Passion,51K,,sold,culled,,,
sheep-1764818974158-72,200ram,,,ram,2 years,,2023-12-14,,,,58 Sheriff,21A Peanut,,sold,culled,,,
sheep-1764818974164-321,20L ram,,,ram,2 years 11 months,,2023-01-08,,,,Henry,23,,sold,culled,,,
sheep-1764818974161-206,21 purple,,,ram,11 months,,2025-01-05,,,,Sheriff,79k,,sold,culled,,,
sheep-1766088958781,21L ram,,,ram,2 years 11 months,,2023-01-09,,,,Henry,24,,sold,culled,,,
sheep-1764818974160-171,22 purple,,,ram,11 months,,2025-01-05,,,,Sheriff,79k,,sold,culled,,,
sheep-1764818974157-42,22L ram,,,ram,2 years 11 months,,2023-01-11,,,,Henry,26,,sold,culled,,,
sheep-1764818974159-103,23 purple,,,ram,11 months,,2025-01-06,,,,Sheriff,1K,,sold,culled,,,
sheep-1766086879601,23L ram,,,ram,2 years 11 months,,2023-01-11,,,,Henry,34,,sold,culled,,,
sheep-1764818974160-151,24 purple,,,ram,11 months,,2025-01-07,,,,Sheriff,25K Plum,,sold,culled,,,
sheep-1764818974162-255,24L ram,,,ram,2 years 11 months,,2023-01-11,,,,Henry,34,,sold,culled,,,
sheep-1764818974162-264,25 purple,,,ram,11 months,,2025-01-15,,,,Sheriff,40L,,sold,culled,,,
sheep-1764818974159-118,25L ram,,,ram,2 years 11 months,,2023-01-11,,,,Henry,25,,sold,culled,,,
sheep-1764818974160-174,26 purple,,,ram,11 months,,2025-01-15,,,,Sheriff,22L ewe (black),,sold,culled,,,
sheep-1764818974162-265,26L ram,,,ram,2 years 11 months,,2023-01-11,,,,Henry,25,,sold,culled,,,
sheep-1764818974161-192,27 purple,,,ram,11 months,,2025-01-18,,,,Sheriff,50,,sold,,,,
sheep-1764818974157-53,27L ram,,,ram,2 years 11 months,,2023-01-16,,,,Henry,92 Pretzel,,sold,culled,,,
sheep-1764818974158-67,28 purple,,,ram,11 months,,2025-01-18,,,,Sheriff,50,,sold,,,,
sheep-1764818974161-229,28L ram,,,ram,2 years 11 months,,2023-01-19,,,,Henry,95,,sold,culled,,,
sheep-1764821185006-3,29 Purple,,,ram,11 months,,2025-01-17,,,,Sheriff,24K (Pickles),,sold,culled,,,
sheep-1764818974156-15,29L ram,,,ram,2 years 10 months,,2023-02-01,,,,Henry,Plum (brown),,sold,culled,,,
sheep-1764818974161-212,2L ram,,,ram,2 years 11 months,,2022-12-28,,,,Henry,27,,sold,culled,,,
sheep-1764818974164-332,2purple,,,ram,1 year 11 months,,2023-12-29,,,,Passion,92 Pretzel,,sold,culled,,,
sheep-1764821074704,3 purple,,,ram,1 year 11 months,,2023-12-30,,,,Passion,34,,sold,culled,,,
sheep-1764818974163-304,30 purple,,,ram,11 months,,2025-01-13,,,,Sheriff,5132J,,sold,culled,,,
sheep-1764818974158-76,30L ram,,,ram,2 years 10 months,,2023-02-02,,,,Henry,6 Black&White,,sold,culled,,,
sheep-1764818974162-236,31 (brown),,,Ram,2 years 11 months,,2022-12-30,,,,15K,,,sold,sold,,[],
sheep-1764818974164-323,31 purple,,,ram,11 months,,2025-01-13,,,,Sheriff,24L ewe,,sold,culled,,,
sheep-1764818974157-30,31L ram,,,ram,2 years 10 months,,2023-02-08,,,,15K,41,,sold,culled,,,
sheep-1764818974161-207,32 purple,,,ram,11 months,,2025-01-18,,,,Sheriff,41 (91J),,sold,culled,,,
sheep-1764818974156-12,32L ram,,,ram,2 years 10 months,,2023-02-11,,,,15K,42,,sold,culled,,,
sheep-1764818974163-303,33 purple,,,ram,11 months,,2025-01-18,,,,Sheriff,41 (91J),,sold,,,,
sheep-1764818974164-342,33L ram (sold),,,ram,2 years 10 months,,2023-02-11,,,,Henry,45Speckles,,sold,culled,,,
sheep-1764818974162-258,34 purple,,,ram,11 months,,2025-01-15,,,,Sheriff,83,,sold,culled,,,
sheep-1764818974163-284,34 ram,,,ram,2 years 9 months,,2023-03-16,,,,15K,43,,sold,culled,,,
sheep-1764818974161-188,35 purple,,,ram,11 months,,2025-01-15,,,,Sheriff,83,,sold,culled,,,
sheep-1764818974162-253,35L ram,,,ram,2 years 9 months,,2023-03-06,,,,15K,93,,sold,culled,,,
sheep-1764818974161-196,36 L ram,,,ram,2 years 9 months,,2023-02-24,,,,15K,52,,sold,culled,,,
sheep-1764818974164-328,37 L ram,,,ram,2 years 9 months,,2023-02-24,,,,15K,52,,sold,culled,,,
sheep-1764818974162-270,37 purple,,,ram,11 months,,2025-01-12,,,,Sheriff,79,,sold,,,,
sheep-1764818974162-233,38 purple,,,ram,11 months,,2025-01-15,,,,Sheriff,31L ewe,,sold,culled,,,
sheep-1764818974163-293,38L ram,,,ram,2 years 9 months,,2023-02-27,,,,15K,927J,,sold,culled,,,
sheep-1764818974160-121,39 purple,,,ram,11 months,,2025-01-17,,,,Sheriff,54 l ewe,,sold,culled,,,
sheep-1764818974164-334,39lram,,,ram,2 years 9 months,,2023-03-09,,,,15K,Sold ewe,,sold,culled,,,
sheep-1764821185007-9,3L ram,,,ram,2 years 11 months,,2022-12-28,,,,Henry,27,,sold,culled,,,
sheep-1764818974164-313,40 purple,,,ram,11 months,,2025-01-12,,,,Sheriff,102,,sold,,,,
sheep-1764821185007-13,40L ram,,,ram,2 years 9 months,,2023-03-12,,,,Henry,Floppy ear,,sold,culled,,,
sheep-1764818974156-19,41 purple,,,ram,1 year 4 months,,2024-08-06,,,,Sheriff,27,,sold,culled,,,
sheep-1764818974158-71,41L ram,,,ram,2 years 8 months,,2023-03-24,,,,Henry,25K Plum,,sold,culled,,,
sheep-1764818974157-60,42 purple,,,ram,1 year 4 months,,2024-08-06,,,,Sheriff,27,,sold,culled,,,
sheep-1764818974157-45,42lram,,,ram,2 years 8 months,,2023-03-24,,,,Henry,24K (Pickles),,sold,culled,,,
sheep-1764818974160-166,43 ram,,,ram,1 year 4 months,,2024-08-06,,,,Sheriff,113,,sold,culled,,,
sheep-1764818974163-289,43lram,,,ram,2 years 8 months,,2023-03-25,,,,Henry,5141,,sold,culled,,,
sheep-1766092090270,44 purple,,,ram,1 year 4 months,,2024-08-06,,,,Sheriff,51J,,sold,culled,,,
sheep-1764818974157-52,44lram,,,ram,2 years 8 months,,2023-03-29,,,,Henry,49,,sold,culled,,,
sheep-1764818974162-254,45lram,,,ram,2 years 8 months,,2023-03-28,,,,15K,58 (45K),,sold,culled,,,
sheep-1764818974157-61,46 purple,,,ram,1 year 4 months,,2024-08-07,,,,Sheriff,84,,sold,culled,,,
sheep-1764818974161-180,46L ram,,,ram,2 years 8 months,,2023-03-25,,,,Henry,47,,sold,culled,,,
sheep-1764818974163-281,47 purple,,,ram,1 year 4 months,,2024-08-08,,,,Sheriff,112,,sold,culled,,,
sheep-1764818974157-31,47l ram,,,ram,2 years 8 months,,2023-04-12,,,,15K,48,,sold,culled,,,
sheep-1764818974160-155,48 purple,,,ram,1 year 4 months,,2024-08-08,,,,Sheriff,112,,sold,culled,,,
sheep-1764818974160-157,49lram,,,ram,2 years 3 months,,2023-09-22,,,,Passion,02 Shorty,,sold,culled,,,
sheep-1764818974164-318,4L ram,,,ram,2 years 11 months,,2022-12-29,,,,Henry,800 Parsnip,,sold,culled,,,
sheep-1764818974158-73,4purple,,,ram,1 year 11 months,,2023-12-30,,,,Passion,25K Plum,,sold,culled,,,
sheep-1764818974164-354,50 purple,,,ram,1 year 3 months,,2024-09-07,,,,Sheriff,43,,sold,culled,,,
sheep-1764818974158-66,50lram,,,ram,2 years 3 months,,2023-09-22,,,,Passion,02 Shorty,,sold,culled,,,
sheep-1764818974162-257,51 purple,,,ram,1 year 4 months,,2024-08-08,,,,Sheriff,111,,sold,culled,,,
sheep-1764818974161-186,51lram,,,ram,2 years 3 months,,2023-09-21,,,,Passion,85,,sold,culled,,,
sheep-1764818974162-249,52Lram,,,ram,2 years 2 months,,2023-09-25,,,,Passion,808 Chunky,,sold,culled,,,
sheep-1764818974162-263,53 purple,,,ram,1 year 2 months,,2024-09-25,,,,Sheriff,800 Parsnip,,sold,culled,,,
sheep-1764818974159-97,53l ram,,,ram,2 years 3 months,,2023-09-23,,,,Passion,80 Spots,,sold,culled,,,
sheep-1764818974164-337,54 purple,,,ram,1 year,,2024-12-16,,,,Sheriff,86 Popsicle,,sold,,,,
sheep-1764818974161-223,54L ram,,,ram,2 years 3 months,,2023-09-23,,,,Passion,87,,sold,culled,,,
sheep-1764818974164-319,55 purple,,,ram,1 year,,2024-12-16,,,,Sheriff,86 Popsicle,,sold,culled,,,
sheep-1764818974159-117,55L ram,,,ram,2 years 3 months,,2023-09-23,,,,Passion,87,,sold,culled,,,
sheep-1764818974164-325,56 purple,,,ram,1 year,,2024-12-22,,,,Sheriff,02 Shorty,,sold,culled,,,
sheep-1764818974157-43,56L ram,,,ram,2 years 2 months,,2023-09-29,,,,Passion,74,,sold,culled,,,
sheep-1764818974164-307,57 purple,,,ram,11 months,,2024-12-30,,,,Sheriff,80k,,sold,culled,,,
sheep-1764818974161-226,57L ram,,,ram,2 years 2 months,,2023-09-29,,,,Passion,97,,sold,culled,,,
sheep-1764818974160-133,58 purple,,,ram,11 months,,2025-01-04,,,,Sheriff,117,,sold,culled,,,
sheep-1764818974162-247,58L ram Splinty,,,ram,2 years 2 months,,2023-10-01,,,,Passion,69,,sold,culled,,,
sheep-1764818974162-260,59 purple,,,ram,11 months,,2025-01-04,,,,Sheriff,117,,sold,,,,
sheep-1764818974162-275,59l ram,,,ram,2 years 2 months,,2023-10-03,,,,Passion,72K,,sold,culled,,,
sheep-1764818974161-208,5L ram,,,ram,2 years 11 months,,2022-12-29,,,,Henry,800 Parsnip,,sold,culled,,,
sheep-1764821185006-4,5purple,,,ram,1 year 11 months,,2023-12-30,,,,Passion,25K Plum,,sold,culled,,,
sheep-1764818974158-70,6 purple,,,ram,1 year 11 months,,2023-12-30,,,,Passion,57 Popcorn,,sold,culled,,,
sheep-1764818974159-116,60 purple,,,ram,11 months,,2025-01-08,,,,Sheriff,118,,sold,,,,
sheep-1764818974158-65,60l ram,,,ram,2 years 2 months,,2023-10-20,,,,Unknown,24,,sold,culled,,,
sheep-1764818974155-4,6L ram,,,ram,2 years 11 months,,2022-12-29,,,,Henry,28 Culled,,sold,culled,,,
sheep-1764818974161-191,7L ram,,,ram,2 years 11 months,,2022-12-31,,,,Henry,79,,sold,culled,,,
sheep-1764818974163-300,7purple,,,ram,1 year 11 months,,2023-12-30,,,,17K,22 (round),,sold,culled,,,
sheep-1764818974157-36,81 gray,,,ram,10 months,,2025-02-13,,,,Sheriff,128L,,sold,,,,
sheep-1764818974163-299,82 gray,,,ram,10 months,,2025-01-29,,,,Sheriff,Tagless,,sold,,,,
sheep-1764818974159-100,8purple,,,ram,1 year 11 months,,2023-12-30,,,,17K,22 (round),,sold,culled,,,
sheep-1764818974162-241,9L ram,,,ram,2 years 11 months,,2023-01-03,,,,Henry,22 Round ( l...,,sold,culled,,,
sheep-1764818974163-301,Henry,,,ram,4 years 11 months,,2020-12-30,,,,,,,sold,sold,,,
sheep-1764818974159-113,Passion,,,ram,2 years 11 months,,2022-12-30,,,,,,,sold,sold,,,
sheep-1764818974162-252,Pete,,,ram,,,,,,,,,,sold,sold,,,
sheep-1764818974157-44,16 pink,,White with Red Speckles,Ewe,1 year 2 months,110,2024-09-25,2025-08-02,2025-08-02,2025-12-27,sheep-1764818974164-357,800 Parsnip,,to-be-culled,No Shed,,"[{""date"":""2025-12-18"",""weight"":110}]","[{""date"":""2025-12-08"",""sire"":"""",""note"":""Recorded breeding""},{""date"":""2025-08-02"",""sire"":""sheep-1764818974164-357"",""note"":""Recorded breeding""}]"
sheep-1764818974164-357,137,Katahdin,White,Ewe,3 months,120,2025-09-03,,,,31 (brown),118,,,No Shed,,"[{""date"":""2025-12-18"",""weight"":120}]",
sheep-1764818974159-108,138,Katahdin,Med Brown,Ewe,3 months,170,2025-09-05,,,,31 (brown),25K Plum,,,,,"[{""date"":""2025-12-18"",""weight"":170}]",
